{"stats":{"minecraft:picked_up":{"minecraft:birch_door":4,"minecraft:chicken":33,"minecraft:suspicious_stew":59,"minecraft:brown_mushroom":40,"refurbished_furniture:birch_kitchen_storage_cabinet":1,"minecraft:potion":6,"minecraft:birch_button":1,"minecraft:cornflower":1,"refurbished_furniture:mangrove_desk":1,"minecraft:item_frame":219,"minecraft:written_book":1,"minecraft:iron_pickaxe":1,"minecraft:egg":21,"minecraft:dark_oak_sapling":4,"minecraft:stick":2,"refurbished_furniture:gray_kitchen_sink":1,"minecraft:spruce_fence":30,"minecraft:stone_button":1,"minecraft:cookie":12,"minecraft:diorite":1,"minecraft:carrot":104,"minecraft:andesite_wall":4,"minecraft:honey_bottle":24,"dragnvehicles:sport_car":1,"minecraft:netherite_chestplate":1,"minecraft:mutton":33,"minecraft:snowball":73,"minecraft:stripped_oak_log":8,"minecraft:clock":3,"minecraft:cooked_beef":14,"minecraft:iron_door":1,"minecraft:filled_map":29,"minecraft:cherry_fence":2,"refurbished_furniture:spruce_drawer":1,"minecraft:dirt":42,"minecraft:paper":32,"minecraft:lantern":2,"minecraft:smooth_sandstone":64,"refurbished_furniture:magenta_stool":2,"minecraft:apple":48,"minecraft:wheat_seeds":1,"securitycraft:reinforced_stripped_mangrove_log":1,"minecraft:oak_planks":5,"minecraft:milk_bucket":4,"minecraft:sweet_berries":6,"refurbished_furniture:birch_kitchen_cabinetry":1,"minecraft:dandelion":1,"minecraft:spyglass":1,"refurbished_furniture:birch_kitchen_sink":1,"minecraft:stripped_spruce_log":8,"minecraft:white_bed":2,"minecraft:crimson_door":2,"minecraft:lily_of_the_valley":4,"minecraft:dark_oak_fence_gate":2,"minecraft:shulker_box":31,"minecraft:bundle":3,"minecraft:oak_wood":3,"minecraft:bread":97,"minecraft:emerald":339,"minecraft:oak_sapling":1},"minecraft:dropped":{"minecraft:stripped_spruce_log":8,"minecraft:clock":2,"minecraft:cooked_beef":3,"refurbished_furniture:birch_kitchen_cabinetry":1,"refurbished_furniture:magenta_stool":2,"minecraft:crossbow":2,"minecraft:andesite_wall":4,"minecraft:apple":9,"minecraft:chainmail_helmet":1,"minecraft:item_frame":2,"minecraft:emerald":353,"minecraft:dirt":18,"minecraft:mutton":11,"refurbished_furniture:spruce_drawer":1,"minecraft:snowball":7,"minecraft:potion":3,"minecraft:writable_book":1,"minecraft:jungle_boat":1,"minecraft:iron_pickaxe":1,"minecraft:paper":17,"minecraft:bucket":1,"minecraft:chicken":11,"refurbished_furniture:gray_kitchen_sink":1,"minecraft:oak_planks":15,"minecraft:honey_bottle":8,"minecraft:white_bed":1,"minecraft:dark_oak_fence_gate":2,"minecraft:carrot":47,"minecraft:suspicious_stew":12,"minecraft:filled_map":28,"refurbished_furniture:mangrove_desk":1,"refurbished_furniture:birch_kitchen_sink":1,"refurbished_furniture:birch_kitchen_storage_cabinet":1,"minecraft:bundle":2,"minecraft:birch_door":1,"minecraft:oak_sapling":1,"securitycraft:reinforced_stripped_mangrove_log":1,"minecraft:written_book":2},"minecraft:used":{"refurbished_furniture:spruce_drawer":1,"minecraft:carrot_on_a_stick":18,"refurbished_furniture:black_kitchen_drawer":12,"minecraft:dirt":24,"minecraft:spyglass":22,"minecraft:lily_of_the_valley":4,"minecraft:carrot":41,"minecraft:shulker_box":32,"minecraft:spruce_fence":30,"minecraft:snowball":14,"minecraft:milk_bucket":1,"minecraft:birch_door":3,"minecraft:dark_oak_planks":131,"refurbished_furniture:black_kitchen_cabinetry":22,"refurbished_furniture:dark_oak_desk":17,"minecraft:smooth_sandstone":43,"minecraft:item_frame":175,"minecraft:birch_button":1,"minecraft:written_book":3,"minecraft:sweet_berries":6,"minecraft:cooked_beef":7,"minecraft:cherry_fence":2,"minecraft:dark_oak_sapling":1,"dragnvehicles:sport_car":1,"minecraft:diorite":1,"minecraft:bundle":3,"minecraft:oak_planks":22,"refurbished_furniture:dark_oak_storage_cabinet":27,"refurbished_furniture:black_kitchen_storage_cabinet":14,"minecraft:black_shulker_box":1,"minecraft:chainmail_helmet":1,"refurbished_furniture:black_kitchen_sink":3,"minecraft:cookie":5,"refurbished_furniture:black_sofa":17,"minecraft:white_bed":1,"minecraft:mushroom_stem":2,"gamingdeco:playtics_station_next_gen_off":2,"refurbished_furniture:oak_dark_ceiling_fan":1,"minecraft:apple":10,"minecraft:bread":9,"minecraft:iron_pickaxe":89,"minecraft:suspicious_stew":1,"minecraft:stone_button":1,"refurbished_furniture:dark_fridge":2,"gamingdeco:modern_tv_on":1,"refurbished_furniture:dark_oak_chair":8,"minecraft:crimson_door":2,"minecraft:white_concrete":4},"minecraft:custom":{"minecraft:inspect_hopper":3,"minecraft:open_barrel":16,"minecraft:open_shulker_box":89,"minecraft:leave_game":6,"minecraft:time_since_death":400179,"minecraft:sprint_one_cm":751575,"minecraft:walk_one_cm":1144466,"minecraft:drop":141,"minecraft:talked_to_villager":25,"minecraft:play_time":400179,"minecraft:sneak_time":7902,"minecraft:interact_with_lectern":81,"minecraft:jump":3730,"minecraft:total_world_time":400179,"minecraft:sleep_in_bed":1,"minecraft:time_since_rest":342822,"minecraft:damage_taken":1085,"minecraft:damage_dealt":394,"minecraft:fly_one_cm":1295330,"minecraft:player_kills":1,"minecraft:open_chest":39,"minecraft:crouch_one_cm":13643,"minecraft:interact_with_smoker":1,"minecraft:fall_one_cm":36331},"minecraft:mined":{"minecraft:white_bed":2,"minecraft:light_gray_stained_glass_pane":4,"minecraft:shulker_box":29,"minecraft:lime_banner":1,"minecraft:stone_button":1,"minecraft:grass_block":38,"minecraft:spruce_fence":30,"minecraft:large_fern":1,"minecraft:black_stained_glass_pane":3,"minecraft:carrots":16,"minecraft:dark_oak_fence_gate":2,"minecraft:stripped_spruce_log":8,"minecraft:crimson_door":2,"minecraft:stripped_oak_log":8,"minecraft:light_gray_carpet":2,"minecraft:acacia_leaves":3,"minecraft:lily_of_the_valley":1,"minecraft:dandelion":1,"minecraft:smooth_sandstone":65,"minecraft:cornflower":1,"minecraft:oak_wood":3,"minecraft:andesite_wall":4,"minecraft:mushroom_stem":2,"minecraft:tall_grass":1,"minecraft:oak_planks":5,"minecraft:diorite":1,"minecraft:cherry_fence":2,"minecraft:sweet_berry_bush":3,"minecraft:birch_leaves":1,"minecraft:birch_door":4,"minecraft:dark_oak_sapling":4,"minecraft:birch_button":1,"minecraft:dirt":4,"minecraft:oak_leaves":7,"minecraft:fern":3},"minecraft:crafted":{"minecraft:oak_planks":32}},"DataVersion":3465}