{"stats":{"minecraft:used":{"minecraft:black_shulker_box":1},"minecraft:picked_up":{"minecraft:sweet_berries":6,"minecraft:orange_tulip":1,"minecraft:black_shulker_box":2,"minecraft:white_tulip":1,"minecraft:azalea":3,"minecraft:white_shulker_box":1,"minecraft:oak_sapling":2,"minecraft:lily_of_the_valley":3,"minecraft:dark_oak_fence_gate":2,"minecraft:dirt":29,"dragnvehicles:car":1},"minecraft:killed_by":{"minecraft:player":2},"minecraft:custom":{"minecraft:time_since_rest":4349,"minecraft:crouch_one_cm":4829,"minecraft:sprint_one_cm":100893,"minecraft:play_time":38837,"minecraft:open_shulker_box":6,"minecraft:deaths":2,"minecraft:damage_taken":1051,"minecraft:walk_one_cm":117562,"minecraft:sneak_time":2161,"minecraft:walk_under_water_one_cm":281,"minecraft:drop":4,"minecraft:jump":325,"minecraft:damage_dealt":184,"minecraft:leave_game":4,"minecraft:walk_on_water_one_cm":398,"minecraft:time_since_death":4290,"minecraft:total_world_time":38837,"minecraft:fall_one_cm":8777,"minecraft:fly_one_cm":69137},"minecraft:mined":{"minecraft:black_shulker_box":2,"minecraft:black_stained_glass_pane":3,"minecraft:grass_block":29,"minecraft:tall_grass":1,"minecraft:lily_of_the_valley":3,"minecraft:white_shulker_box":1,"minecraft:sweet_berry_bush":3,"minecraft:birch_leaves":1,"minecraft:dark_oak_fence_gate":2,"minecraft:oak_leaves":4},"minecraft:dropped":{"minecraft:white_tulip":1,"minecraft:orange_tulip":1,"minecraft:oak_sapling":1,"minecraft:azalea":1}},"DataVersion":3465}