{"stats":{"minecraft:picked_up":{"minecraft:stripped_oak_log":8,"minecraft:birch_door":4,"minecraft:clock":3,"minecraft:cooked_beef":14,"minecraft:chicken":33,"minecraft:iron_door":1,"minecraft:suspicious_stew":58,"minecraft:brown_mushroom":40,"minecraft:filled_map":29,"minecraft:potion":3,"minecraft:birch_button":1,"minecraft:cherry_fence":2,"minecraft:cornflower":1,"minecraft:dirt":3,"minecraft:paper":29,"minecraft:item_frame":219,"minecraft:smooth_sandstone":64,"minecraft:apple":33,"minecraft:wheat_seeds":1,"minecraft:written_book":1,"minecraft:iron_pickaxe":1,"minecraft:oak_planks":5,"minecraft:egg":12,"minecraft:dark_oak_sapling":4,"minecraft:stick":2,"minecraft:milk_bucket":4,"minecraft:dandelion":1,"minecraft:spyglass":1,"minecraft:spruce_fence":30,"minecraft:diorite":1,"minecraft:stone_button":1,"minecraft:stripped_spruce_log":8,"minecraft:cookie":12,"minecraft:crimson_door":2,"minecraft:white_bed":2,"minecraft:carrot":104,"minecraft:shulker_box":27,"minecraft:bundle":3,"minecraft:andesite_wall":4,"minecraft:oak_wood":3,"minecraft:honey_bottle":24,"dragnvehicles:sport_car":1,"minecraft:emerald":231,"minecraft:bread":64,"minecraft:netherite_chestplate":1,"minecraft:mutton":33,"minecraft:snowball":73},"minecraft:dropped":{"minecraft:stripped_spruce_log":8,"minecraft:clock":2,"minecraft:cooked_beef":3,"minecraft:crossbow":2,"minecraft:chicken":11,"minecraft:oak_planks":15,"minecraft:apple":9,"minecraft:honey_bottle":8,"minecraft:white_bed":1,"minecraft:carrot":47,"minecraft:suspicious_stew":12,"minecraft:item_frame":2,"minecraft:emerald":245,"minecraft:filled_map":28,"minecraft:mutton":11,"minecraft:birch_door":1,"minecraft:snowball":7,"minecraft:potion":3,"minecraft:writable_book":1,"minecraft:jungle_boat":1,"minecraft:iron_pickaxe":1,"minecraft:paper":16,"minecraft:written_book":2,"minecraft:bucket":1},"minecraft:used":{"dragnvehicles:sport_car":1,"minecraft:diorite":1,"minecraft:bundle":2,"minecraft:carrot_on_a_stick":18,"minecraft:oak_planks":22,"minecraft:chainmail_helmet":1,"minecraft:cookie":5,"minecraft:spyglass":22,"minecraft:dirt":3,"minecraft:carrot":41,"minecraft:white_bed":1,"minecraft:shulker_box":26,"minecraft:spruce_fence":30,"minecraft:snowball":14,"minecraft:mushroom_stem":2,"minecraft:milk_bucket":1,"minecraft:birch_door":3,"minecraft:apple":10,"minecraft:bread":9,"minecraft:suspicious_stew":1,"minecraft:iron_pickaxe":87,"minecraft:stone_button":1,"minecraft:smooth_sandstone":43,"minecraft:item_frame":175,"minecraft:birch_button":1,"minecraft:written_book":3,"minecraft:crimson_door":2,"minecraft:cooked_beef":7,"minecraft:cherry_fence":2,"minecraft:dark_oak_sapling":1},"minecraft:custom":{"minecraft:inspect_hopper":3,"minecraft:open_barrel":16,"minecraft:open_shulker_box":77,"minecraft:leave_game":6,"minecraft:time_since_death":353850,"minecraft:sleep_in_bed":1,"minecraft:time_since_rest":296493,"minecraft:sprint_one_cm":675323,"minecraft:damage_taken":1085,"minecraft:walk_one_cm":1056574,"minecraft:drop":103,"minecraft:damage_dealt":394,"minecraft:fly_one_cm":1284442,"minecraft:talked_to_villager":25,"minecraft:player_kills":1,"minecraft:open_chest":39,"minecraft:crouch_one_cm":11194,"minecraft:play_time":353850,"minecraft:sneak_time":7151,"minecraft:interact_with_lectern":81,"minecraft:jump":3683,"minecraft:total_world_time":353850,"minecraft:interact_with_smoker":1,"minecraft:fall_one_cm":35487},"minecraft:mined":{"minecraft:light_gray_carpet":1,"minecraft:acacia_leaves":3,"minecraft:white_bed":2,"minecraft:light_gray_stained_glass_pane":4,"minecraft:dandelion":1,"minecraft:shulker_box":25,"minecraft:smooth_sandstone":65,"minecraft:cornflower":1,"minecraft:lime_banner":1,"minecraft:stone_button":1,"minecraft:oak_wood":3,"minecraft:grass_block":3,"minecraft:spruce_fence":30,"minecraft:andesite_wall":4,"minecraft:mushroom_stem":2,"minecraft:tall_grass":1,"minecraft:oak_planks":5,"minecraft:diorite":1,"minecraft:large_fern":1,"minecraft:cherry_fence":2,"minecraft:carrots":16,"minecraft:birch_door":4,"minecraft:birch_leaves":1,"minecraft:stripped_spruce_log":8,"minecraft:dark_oak_sapling":4,"minecraft:crimson_door":2,"minecraft:birch_button":1,"minecraft:stripped_oak_log":8,"minecraft:oak_leaves":4,"minecraft:fern":3},"minecraft:crafted":{"minecraft:oak_planks":32}},"DataVersion":3465}