{"stats":{"minecraft:broken":{"minecraft:leather_chestplate":1},"minecraft:picked_up":{"refurbished_furniture:light_microwave":64,"minecraft:music_disc_strad":2,"refurbished_furniture:dough":2,"securitycraft:keypad_item":2,"minecraft:chainmail_boots":2,"minecraft:suspicious_stew":41,"minecraft:diamond_sword":1,"minecraft:lead":5,"minecraft:potion":30,"gamingdeco:modern_tv_on":1,"minecraft:brewing_stand":1,"minecraft:armor_stand":1,"minecraft:oak_sign":1,"minecraft:beetroot":5,"minecraft:smooth_stone":1,"minecraft:black_shulker_box":9,"minecraft:written_book":1,"minecraft:iron_pickaxe":1,"minecraft:dark_oak_door":1,"minecraft:music_disc_blocks":1,"minecraft:porkchop":14,"refurbished_furniture:cooked_meatlovers_pizza":9,"minecraft:music_disc_wait":3,"minecraft:deepslate_brick_stairs":1,"minecraft:obsidian":1,"minecraft:snowball":36,"minecraft:nautilus_shell":1,"minecraft:barrier":1,"minecraft:leather_chestplate":5,"minecraft:cooked_beef":3,"minecraft:mangrove_chest_boat":2,"minecraft:smoker":1,"minecraft:green_shulker_box":19,"securitycraft:sentry":1,"minecraft:dirt":16,"minecraft:lantern":3,"minecraft:name_tag":1,"minecraft:leather_boots":2,"refurbished_furniture:frying_pan":2,"minecraft:dark_oak_sign":1,"minecraft:diamond_helmet":1,"minecraft:prismarine":39,"refurbished_furniture:recycle_bin":2,"refurbished_furniture:knife":2,"minecraft:shulker_box":9,"minecraft:dark_prismarine":37,"minecraft:bundle":6,"minecraft:iron_hoe":2,"minecraft:polished_andesite":11,"minecraft:evoker_spawn_egg":1,"minecraft:sugar":5,"minecraft:polished_blackstone_button":1,"minecraft:writable_book":4,"minecraft:crossbow":14,"minecraft:white_concrete":27,"minecraft:emerald":662,"minecraft:bread":226,"minecraft:light_gray_carpet":4,"minecraft:nether_star":1,"minecraft:crafting_table":1,"minecraft:coarse_dirt":1,"minecraft:chicken":12,"minecraft:leather_leggings":3,"refurbished_furniture:dark_oak_storage_jar":1,"minecraft:dragon_breath":1,"minecraft:heavy_weighted_pressure_plate":1,"minecraft:cornflower":1,"minecraft:netherite_scrap":1,"minecraft:item_frame":202,"minecraft:white_carpet":33,"minecraft:netherite_sword":1,"minecraft:beef":15,"minecraft:player_head":1,"minecraft:poppy":2,"minecraft:chest":14,"minecraft:egg":53,"minecraft:glow_item_frame":5,"minecraft:bowl":1,"minecraft:quartz_pillar":1,"minecraft:stone_button":1,"minecraft:cyan_shulker_box":3,"minecraft:arrow":72,"minecraft:golden_hoe":29,"minecraft:beetroot_seeds":14,"minecraft:pumpkin_pie":10,"refurbished_furniture:meatlovers_pizza_slice":4,"minecraft:shears":1,"minecraft:saddle":34,"minecraft:mutton":28,"minecraft:clock":1,"minecraft:filled_map":82,"minecraft:blue_bed":1,"minecraft:paper":110,"minecraft:white_banner":1,"refurbished_furniture:dark_ceiling_light":3,"minecraft:smooth_sandstone":1,"minecraft:light_blue_banner":1,"minecraft:apple":13,"minecraft:music_disc_chirp":2,"minecraft:pink_bed":1,"minecraft:milk_bucket":15,"securitycraft:motion_activated_light":1,"minecraft:dandelion":2,"minecraft:spyglass":7,"minecraft:white_bed":1,"minecraft:green_carpet":4,"minecraft:spruce_door":1,"minecraft:firework_rocket":1,"minecraft:honey_block":1,"minecraft:birch_sign":1,"minecraft:baked_potato":11,"minecraft:netherite_hoe":1,"minecraft:hopper":1,"minecraft:sunflower":2343},"minecraft:dropped":{"minecraft:porkchop":6,"minecraft:baked_potato":5,"minecraft:glass_bottle":5,"minecraft:crafting_table":1,"minecraft:crossbow":22,"minecraft:glow_item_frame":30,"minecraft:rooted_dirt":1,"minecraft:saddle":20,"minecraft:quartz_pillar":1,"minecraft:item_frame":19,"minecraft:emerald":597,"minecraft:cyan_terracotta":1,"minecraft:mangrove_chest_boat":2,"minecraft:mutton":19,"minecraft:mangrove_boat":1,"minecraft:snowball":27,"minecraft:pumpkin_pie":3,"minecraft:black_shulker_box":1,"minecraft:wooden_sword":2,"minecraft:writable_book":6,"minecraft:sunflower":73,"minecraft:iron_pickaxe":1,"minecraft:black_concrete":1,"minecraft:fishing_rod":1,"minecraft:white_wool":1,"minecraft:blue_bed":1,"minecraft:armor_stand":2,"minecraft:gold_ingot":1,"minecraft:spyglass":12,"minecraft:pink_bed":1,"minecraft:netherite_sword":1,"minecraft:obsidian":64,"minecraft:beetroot":5,"minecraft:light_gray_carpet":2,"minecraft:prismarine":12,"minecraft:wandering_trader_spawn_egg":1,"minecraft:mushroom_stem":4,"minecraft:acacia_chest_boat":1,"minecraft:black_glazed_terracotta":1,"minecraft:leather_chestplate":6,"minecraft:beetroot_seeds":14,"minecraft:hopper":2,"minecraft:leather_boots":3,"minecraft:chest":6,"minecraft:chainmail_boots":1,"minecraft:leather_leggings":4,"refurbished_furniture:knife":2,"minecraft:arrow":11,"minecraft:beef":5,"minecraft:glass":1,"minecraft:written_book":5,"minecraft:cherry_fence":1,"minecraft:spruce_chest_boat":1,"minecraft:egg":33,"minecraft:stone_hoe":1,"minecraft:iron_ingot":1,"minecraft:bread":145,"minecraft:clock":1,"minecraft:minecart":1,"minecraft:apple":5,"minecraft:spruce_door":1,"minecraft:polished_blackstone_button":1,"minecraft:polished_andesite":7,"minecraft:iron_block":1,"minecraft:milk_bucket":11,"minecraft:iron_door":1,"minecraft:diamond_helmet":1,"minecraft:potion":31,"minecraft:smooth_quartz_slab":1,"minecraft:golden_hoe":20,"minecraft:white_banner":1,"minecraft:jungle_boat":1,"minecraft:paper":89,"minecraft:smooth_sandstone":1,"minecraft:tripwire_hook":1,"minecraft:dandelion":2,"minecraft:anvil":2,"minecraft:jungle_chest_boat":1,"minecraft:netherite_hoe":1,"minecraft:player_head":1,"minecraft:bowl":1,"minecraft:diamond_hoe":1,"minecraft:chicken":8,"minecraft:white_carpet":38,"minecraft:comparator":1,"minecraft:blue_concrete":1,"minecraft:iron_hoe":4,"minecraft:oak_sign":1,"minecraft:suspicious_stew":20,"refurbished_furniture:light_electricity_generator":1,"minecraft:filled_map":83,"minecraft:spruce_planks":1,"minecraft:bundle":4,"minecraft:diamond_pickaxe":1,"minecraft:oak_boat":1,"minecraft:birch_sign":1,"refurbished_furniture:frying_pan":1,"minecraft:nautilus_shell":1,"minecraft:dark_prismarine":12,"minecraft:terracotta":1},"minecraft:killed":{"minecraft:spider":2,"minecraft:skeleton":1,"minecraft:pig":2,"minecraft:pillager":1,"minecraft:llama":3,"minecraft:villager":14},"minecraft:used":{"gamingdeco:keyboard_1_light_off":2,"minecraft:light_blue_banner":1,"minecraft:writable_book":10,"refurbished_furniture:light_gray_sofa":6,"minecraft:light_gray_stained_glass_pane":1,"minecraft:smooth_quartz_slab":105,"minecraft:spruce_slab":8,"minecraft:carrot_on_a_stick":20,"minecraft:ladder":7,"minecraft:oak_sign":1,"minecraft:black_carpet":39,"minecraft:chest":5,"securitycraft:security_camera":7,"minecraft:red_nether_brick_stairs":1,"minecraft:quartz_stairs":4,"minecraft:player_head":1,"minecraft:mooshroom_spawn_egg":13,"securitycraft:keypad_item":12,"jeg:soulhunter_mk2":30,"refurbished_furniture:warped_desk":1,"minecraft:snowball":1,"minecraft:wandering_trader_spawn_egg":4,"securitycraft:camera_monitor":12,"minecraft:honey_block":1,"minecraft:cyan_terracotta":12,"minecraft:quartz_pillar":33,"minecraft:villager_spawn_egg":8,"minecraft:grass_block":115,"minecraft:panda_spawn_egg":2,"refurbished_furniture:light_microwave":1,"minecraft:music_disc_chirp":2,"refurbished_furniture:white_lamp":8,"gamingdeco:asas_gaming_monitor_off":4,"minecraft:tropical_fish_spawn_egg":3,"minecraft:music_disc_wait":1,"refurbished_furniture:dark_lightswitch":16,"minecraft:item_frame":233,"minecraft:bedrock":1,"minecraft:golden_sword":13,"minecraft:dolphin_spawn_egg":2,"minecraft:written_book":7,"gamingdeco:playtics_station_next_gen":1,"minecraft:egg":1,"securitycraft:alarm":1,"minecraft:oak_chest_boat":1,"minecraft:stripped_spruce_wood":1,"securitycraft:inventory_scanner":1,"minecraft:zoglin_spawn_egg":3,"dragnvehicles:sport_car":1,"minecraft:zombie_horse_spawn_egg":3,"minecraft:dark_oak_stairs":13,"minecraft:leather_leggings":11,"minecraft:spruce_door":1,"minecraft:warped_fungus_on_a_stick":362,"securitycraft:door_indestructible_iron_item":1,"minecraft:elder_guardian_spawn_egg":5,"minecraft:oak_planks":1,"refurbished_furniture:light_stove":2,"minecraft:leather_chestplate":9,"minecraft:sandstone":26,"minecraft:chainmail_helmet":7,"refurbished_furniture:gray_sofa":15,"minecraft:jungle_boat":1,"minecraft:white_wool":1,"gamingdeco:playtics_station_dark":1,"minecraft:sand":5,"minecraft:crossbow":56,"minecraft:squid_spawn_egg":1,"minecraft:deepslate_brick_stairs":1,"minecraft:creeper_spawn_egg":2,"minecraft:redstone_torch":4,"securitycraft:blast_furnace_mine":2,"refurbished_furniture:birch_storage_cabinet":3,"minecraft:bread":150,"minecraft:barrier":128,"minecraft:iron_door":21,"securitycraft:mine":1,"securitycraft:motion_activated_light":1,"minecraft:stripped_oak_wood":2,"gamingdeco:modern_tv_on":1,"minecraft:andesite":2,"jeg:hollenfire_mk2":44,"minecraft:smooth_stone_slab":1,"securitycraft:retinal_scanner":5,"securitycraft:briefcase":5,"minecraft:white_concrete":48,"minecraft:netherite_sword":61,"minecraft:flint_and_steel":4,"minecraft:mangrove_chest_boat":2,"minecraft:pufferfish_spawn_egg":3,"minecraft:zombie_villager_spawn_egg":2,"minecraft:spruce_planks":78,"minecraft:tinted_glass":36,"refurbished_furniture:light_fridge":1,"securitycraft:remote_access_mine":24,"securitycraft:keypad_door_item":1,"minecraft:stripped_birch_wood":7,"securitycraft:track_mine":4,"refurbished_furniture:dark_ceiling_light":22,"minecraft:dirt":1,"minecraft:spyglass":76,"minecraft:anvil":4,"jeg:gunnite_workbench":1,"minecraft:shulker_box":9,"refurbished_furniture:television":2,"minecraft:polished_diorite":9,"minecraft:andesite_wall":10,"refurbished_furniture:frying_pan":2,"minecraft:cyan_shulker_box":4,"minecraft:rooted_dirt":1,"minecraft:slime_block":1,"minecraft:smooth_sandstone":5,"minecraft:chicken_spawn_egg":2,"refurbished_furniture:oak_desk":13,"minecraft:magma_cube_spawn_egg":3,"gamingdeco:softbox_off":2,"securitycraft:sentry":1,"refurbished_furniture:light_lightswitch":1,"securitycraft:dirt_mine":9,"minecraft:white_stained_glass_pane":3,"refurbished_furniture:dark_oak_mail_box":1,"minecraft:minecart":3,"minecraft:cooked_beef":2,"minecraft:cobbled_deepslate":157,"minecraft:cherry_fence":6,"gamingdeco:microphoneyetos":1,"minecraft:water_bucket":4,"refurbished_furniture:plate":10,"minecraft:jigsaw":1,"refurbished_furniture:gray_lamp":4,"jeg:combat_rifle":4,"minecraft:bundle":5,"minecraft:polished_andesite":4,"minecraft:baked_potato":6,"minecraft:andesite_slab":40,"securitycraft:panic_button":1,"minecraft:black_shulker_box":8,"securitycraft:scanner_door_item":1,"minecraft:glow_item_frame":11,"securitycraft:deepslate_diamond_mine":8,"minecraft:rabbit_spawn_egg":2,"minecraft:terracotta":2,"minecraft:crafting_table":1,"minecraft:strider_spawn_egg":1,"minecraft:birch_sign":1,"minecraft:white_bed":1,"minecraft:smoker":1,"minecraft:dark_oak_door":5,"minecraft:music_disc_strad":2,"minecraft:mushroom_stem":348,"refurbished_furniture:blue_lamp":1,"minecraft:piston":4,"the_dirty_stuff:workstation":1,"gamingdeco:modern_tv_type_2_on":1,"refurbished_furniture:dark_electricity_generator":4,"minecraft:dark_prismarine":17,"minecraft:black_wool":19,"minecraft:apple":3,"refurbished_furniture:light_ceiling_light":1,"refurbished_furniture:gray_stool":4,"minecraft:iron_pickaxe":64,"refurbished_furniture:light_electricity_generator":1,"minecraft:acacia_chest_boat":1,"refurbished_furniture:dark_oak_kitchen_cabinetry":1,"minecraft:green_shulker_box":34,"refurbished_furniture:gray_kitchen_drawer":7,"refurbished_furniture:dark_oak_drawer":3,"minecraft:potion":4,"refurbished_furniture:dark_fridge":1,"refurbished_furniture:dark_oak_chair":6,"minecraft:glass_pane":1,"minecraft:pumpkin_pie":7,"minecraft:purple_carpet":1,"minecraft:brown_mushroom_block":19,"minecraft:smooth_stone":7},"minecraft:custom":{"minecraft:interact_with_crafting_table":4,"minecraft:open_barrel":76,"minecraft:open_shulker_box":130,"minecraft:bell_ring":6,"minecraft:leave_game":34,"minecraft:time_since_death":189450,"minecraft:sprint_one_cm":2891845,"minecraft:drop":649,"minecraft:talked_to_villager":126,"minecraft:play_time":1701129,"minecraft:deaths":5,"minecraft:jump":10417,"minecraft:interact_with_brewingstand":2,"minecraft:walk_on_water_one_cm":17314,"minecraft:play_record":5,"minecraft:traded_with_villager":18,"minecraft:interact_with_loom":2,"minecraft:sleep_in_bed":4,"minecraft:damage_dealt":5901,"minecraft:player_kills":5,"minecraft:crouch_one_cm":44517,"minecraft:interact_with_smoker":5,"minecraft:horse_one_cm":425877,"minecraft:inspect_dropper":19,"minecraft:mob_kills":29,"minecraft:interact_with_anvil":12,"minecraft:inspect_hopper":10,"minecraft:climb_one_cm":5038,"minecraft:walk_one_cm":3028214,"minecraft:sneak_time":37937,"minecraft:walk_under_water_one_cm":15854,"minecraft:boat_one_cm":4874,"minecraft:interact_with_lectern":127,"minecraft:interact_with_blast_furnace":7,"minecraft:total_world_time":1701129,"minecraft:pot_flower":4,"minecraft:time_since_rest":189482,"minecraft:damage_taken":5409,"minecraft:swim_one_cm":11110,"minecraft:fly_one_cm":7607673,"minecraft:open_chest":130,"minecraft:pig_one_cm":3331,"minecraft:fall_one_cm":104353},"minecraft:mined":{"minecraft:white_bed":1,"minecraft:pink_bed":1,"minecraft:white_concrete":27,"minecraft:smooth_stone":1,"gamingdeco:modern_tv_on":1,"minecraft:deepslate_brick_stairs":1,"minecraft:birch_wall_sign":1,"minecraft:player_wall_head":1,"minecraft:smoker":1,"minecraft:chest":1,"minecraft:white_stained_glass_pane":2,"minecraft:mushroom_stem":13,"minecraft:dark_oak_leaves":1,"minecraft:shulker_box":6,"minecraft:white_stained_glass":2,"minecraft:light_blue_wall_banner":1,"minecraft:light_gray_carpet":8,"minecraft:blue_bed":1,"minecraft:green_shulker_box":1,"refurbished_furniture:frying_pan":1,"minecraft:white_wall_banner":1,"minecraft:polished_andesite":11},"minecraft:killed_by":{"minecraft:vindicator":1,"minecraft:player":1},"minecraft:crafted":{"minecraft:magma_cube_spawn_egg":1,"minecraft:zoglin_spawn_egg":1,"minecraft:wandering_trader_spawn_egg":1,"minecraft:jigsaw":4,"minecraft:mooshroom_spawn_egg":1,"minecraft:pufferfish_spawn_egg":1,"minecraft:panda_spawn_egg":1,"minecraft:zombie_horse_spawn_egg":1,"minecraft:dolphin_spawn_egg":1,"minecraft:rabbit_spawn_egg":1,"minecraft:chicken_spawn_egg":1,"minecraft:tropical_fish_spawn_egg":1,"minecraft:creeper_spawn_egg":1,"minecraft:squid_spawn_egg":1,"minecraft:zombie_villager_spawn_egg":1}},"DataVersion":3465}