{"stats":{"minecraft:picked_up":{"minecraft:dirt":4,"dragnvehicles:car":1,"securitycraft:sentry":1,"dragnvehicles:sport_car":2,"minecraft:black_shulker_box":1,"minecraft:white_tulip":1,"minecraft:oak_sapling":1,"minecraft:white_shulker_box":1},"minecraft:custom":{"minecraft:time_since_rest":74323,"minecraft:sprint_one_cm":11386,"minecraft:walk_one_cm":84410,"minecraft:inspect_hopper":2,"minecraft:damage_dealt":111,"minecraft:player_kills":7,"minecraft:fly_one_cm":47755,"minecraft:crouch_one_cm":1440,"minecraft:open_shulker_box":19,"minecraft:play_time":74323,"minecraft:sneak_time":1423,"minecraft:jump":112,"minecraft:time_since_death":74323,"minecraft:total_world_time":74323},"minecraft:used":{"dragnvehicles:sport_car":2,"refurbished_furniture:red_trampoline":24,"minecraft:gray_stained_glass_pane":2,"dragnvehicles:car":1,"gamingdeco:gaming_pc_1_off":1,"jeg:service_rifle":5,"securitycraft:panic_button":1,"securitycraft:bucket_f_lava":1,"minecraft:black_shulker_box":4,"minecraft:white_shulker_box":4,"refurbished_furniture:gray_bath":1,"refurbished_furniture:light_electricity_generator":2,"jeg:infantry_rifle":9,"refurbished_furniture:oak_toilet":1,"securitycraft:bucket_f_water":1,"refurbished_furniture:orange_lamp":1,"securitycraft:remote_access_sentry":2,"dragnvehicles:suv":1,"securitycraft:sentry":2,"minecraft:dirt":2,"refurbished_furniture:workbench":1,"gamingdeco:modern_office_monitor_on":1,"refurbished_furniture:spruce_light_ceiling_fan":2,"gamingdeco:grafikkarte_dark_block":1,"refurbished_furniture:warped_chair":2,"refurbished_furniture:white_sofa":1,"jeg:revolver":77,"dragnvehicles:motorcycle":1,"gamingdeco:playtics_station_next_gen":1,"refurbished_furniture:spruce_desk":3,"refurbished_furniture:television":1,"gamingdeco:pc_parts":1,"minecraft:oak_wood":10,"minecraft:stripped_cherry_wood":9,"gamingdeco:player_y_mic":1,"gamingdeco:mmd_gaming_laptop_open_off":1,"minecraft:smooth_stone":2,"gamingdeco:microphoneyetos":1}},"DataVersion":3465}