{"stats":{"minecraft:broken":{"minecraft:leather_chestplate":1},"minecraft:dropped":{"eyemod:router":1,"minecraft:spyglass":1,"minecraft:clock":10,"minecraft:music_disc_chirp":2,"minecraft:netherite_chestplate":1,"minecraft:composter":1,"minecraft:chicken":4,"minecraft:blue_concrete":1,"minecraft:saddle":2,"minecraft:stripped_jungle_log":2,"minecraft:shulker_box":1,"minecraft:item_frame":1,"minecraft:emerald":60,"minecraft:leather_chestplate":1,"minecraft:diorite":1,"minecraft:mutton":9,"minecraft:stripped_birch_log":1,"minecraft:writable_book":1,"minecraft:golden_hoe":3,"minecraft:arrow":1,"minecraft:paper":14,"minecraft:written_book":3},"minecraft:killed_by":{"minecraft:player":2},"minecraft:picked_up":{"minecraft:music_disc_strad":1,"minecraft:leather_chestplate":1,"minecraft:clock":9,"minecraft:cooked_beef":1,"minecraft:chicken":4,"minecraft:blue_concrete":1,"minecraft:stripped_birch_log":1,"minecraft:paper":29,"minecraft:item_frame":18,"minecraft:written_book":2,"minecraft:glowstone_dust":3,"minecraft:music_disc_chirp":2,"minecraft:sweet_berries":2,"minecraft:composter":1,"minecraft:spyglass":1,"minecraft:diorite":1,"minecraft:shulker_box":1,"minecraft:stripped_jungle_log":2,"minecraft:lime_banner":1,"minecraft:arrow":1,"dragnvehicles:sport_car":1,"eyemod:router":1,"minecraft:golden_hoe":2,"minecraft:writable_book":1,"minecraft:emerald":70,"minecraft:saddle":3,"minecraft:bread":2,"minecraft:netherite_chestplate":1,"minecraft:mutton":15},"minecraft:used":{"securitycraft:reinforced_stone_pressure_plate":3,"dragnvehicles:sport_car":1,"minecraft:diorite":4,"minecraft:writable_book":10,"securitycraft:keypad_chest":1,"minecraft:ladder":1,"minecraft:chest":2,"minecraft:spruce_planks":6,"minecraft:composter":1,"minecraft:stripped_jungle_wood":1,"minecraft:oak_door":1,"minecraft:spyglass":34,"minecraft:mutton":6,"jeg:soulhunter_mk2":9,"eyemod:router":2,"minecraft:jungle_planks":7,"minecraft:black_wool":6,"minecraft:stripped_jungle_log":2,"minecraft:bread":7,"minecraft:item_frame":8,"minecraft:glowstone":3,"minecraft:written_book":2,"minecraft:sweet_berries":2,"minecraft:cooked_beef":1},"minecraft:killed":{"minecraft:pig":1},"minecraft:custom":{"minecraft:mob_kills":2,"minecraft:open_barrel":8,"minecraft:open_shulker_box":3,"minecraft:eat_cake_slice":7,"minecraft:leave_game":11,"minecraft:time_since_death":48625,"minecraft:sleep_in_bed":2,"minecraft:climb_one_cm":1009,"minecraft:time_since_rest":48741,"minecraft:sprint_one_cm":543977,"minecraft:damage_taken":2025,"minecraft:walk_one_cm":1861069,"minecraft:drop":64,"minecraft:damage_dealt":738,"minecraft:talked_to_villager":6,"minecraft:fly_one_cm":515171,"minecraft:player_kills":1,"minecraft:open_chest":32,"minecraft:crouch_one_cm":13575,"minecraft:play_time":507886,"minecraft:sneak_time":12214,"minecraft:deaths":8,"minecraft:walk_under_water_one_cm":1888,"minecraft:boat_one_cm":60801,"minecraft:interact_with_lectern":1,"minecraft:jump":3111,"minecraft:walk_on_water_one_cm":442,"minecraft:total_world_time":507886,"minecraft:fall_one_cm":39633,"minecraft:horse_one_cm":51737}},"DataVersion":3465}