{"stats":{"minecraft:broken":{"minecraft:leather_chestplate":1},"minecraft:dropped":{"minecraft:leather_chestplate":1,"minecraft:spyglass":1,"minecraft:music_disc_chirp":2,"minecraft:clock":9,"minecraft:mutton":9,"minecraft:netherite_chestplate":1,"minecraft:chicken":4,"minecraft:writable_book":1,"minecraft:blue_concrete":1,"minecraft:golden_hoe":3,"minecraft:arrow":1,"minecraft:saddle":2,"minecraft:paper":14,"minecraft:shulker_box":1,"minecraft:written_book":3,"minecraft:item_frame":1,"minecraft:emerald":60},"minecraft:killed_by":{"minecraft:player":2},"minecraft:picked_up":{"minecraft:music_disc_strad":1,"minecraft:leather_chestplate":1,"minecraft:clock":8,"minecraft:cooked_beef":1,"minecraft:chicken":4,"minecraft:sweet_berries":2,"minecraft:spyglass":1,"minecraft:blue_concrete":1,"minecraft:shulker_box":1,"minecraft:paper":29,"minecraft:item_frame":18,"minecraft:lime_banner":1,"minecraft:arrow":1,"dragnvehicles:sport_car":1,"minecraft:golden_hoe":2,"minecraft:writable_book":1,"minecraft:written_book":2,"minecraft:saddle":3,"minecraft:bread":2,"minecraft:emerald":70,"minecraft:netherite_chestplate":1,"minecraft:mutton":15,"minecraft:music_disc_chirp":2},"minecraft:used":{"dragnvehicles:sport_car":1,"minecraft:writable_book":10,"minecraft:bread":7,"minecraft:ladder":1,"minecraft:item_frame":8,"minecraft:spyglass":34,"minecraft:mutton":6,"minecraft:written_book":2,"minecraft:sweet_berries":2,"minecraft:cooked_beef":1},"minecraft:killed":{"minecraft:pig":1},"minecraft:custom":{"minecraft:time_since_rest":33048,"minecraft:damage_taken":2025,"minecraft:sprint_one_cm":543920,"minecraft:walk_one_cm":1850733,"minecraft:mob_kills":2,"minecraft:drop":57,"minecraft:damage_dealt":738,"minecraft:talked_to_villager":6,"minecraft:player_kills":1,"minecraft:fly_one_cm":515171,"minecraft:open_barrel":8,"minecraft:open_chest":27,"minecraft:open_shulker_box":3,"minecraft:crouch_one_cm":13505,"minecraft:play_time":492193,"minecraft:deaths":8,"minecraft:sneak_time":12137,"minecraft:walk_under_water_one_cm":1888,"minecraft:boat_one_cm":60801,"minecraft:interact_with_lectern":1,"minecraft:jump":3109,"minecraft:eat_cake_slice":7,"minecraft:leave_game":10,"minecraft:time_since_death":32932,"minecraft:walk_on_water_one_cm":442,"minecraft:sleep_in_bed":2,"minecraft:total_world_time":492193,"minecraft:climb_one_cm":1009,"minecraft:fall_one_cm":39633,"minecraft:horse_one_cm":51737}},"DataVersion":3465}