{"stats":{"minecraft:picked_up":{"minecraft:orange_tulip":2,"minecraft:black_shulker_box":1,"minecraft:white_tulip":2,"minecraft:azalea":6,"minecraft:jungle_sapling":1,"minecraft:lily_of_the_valley":6,"minecraft:white_shulker_box":1,"minecraft:dirt":37},"minecraft:used":{"refurbished_furniture:light_gray_kitchen_drawer":3,"minecraft:dirt":8,"securitycraft:keypad_item":1,"minecraft:black_shulker_box":1,"minecraft:white_shulker_box":1},"minecraft:killed_by":{"minecraft:player":3},"minecraft:custom":{"minecraft:time_since_rest":4341,"minecraft:play_time":22913,"minecraft:crouch_one_cm":1535,"minecraft:sprint_one_cm":48069,"minecraft:open_shulker_box":15,"minecraft:deaths":3,"minecraft:damage_taken":1139,"minecraft:walk_one_cm":49673,"minecraft:sneak_time":793,"minecraft:walk_under_water_one_cm":115,"minecraft:drop":2,"minecraft:jump":251,"minecraft:damage_dealt":293,"minecraft:leave_game":1,"minecraft:time_since_death":4301,"minecraft:walk_on_water_one_cm":355,"minecraft:total_world_time":22913,"minecraft:talked_to_villager":1,"minecraft:fall_one_cm":3124,"minecraft:fly_one_cm":45037},"minecraft:mined":{"minecraft:grass_block":5,"minecraft:dirt":9,"minecraft:dark_oak_leaves":1,"minecraft:tall_grass":1,"minecraft:azalea_leaves":1,"minecraft:azalea":4,"minecraft:jungle_leaves":1,"minecraft:oak_leaves":1},"minecraft:dropped":{"minecraft:dirt":29,"minecraft:lily_of_the_valley":3}},"DataVersion":3465}