{"stats":{"minecraft:picked_up":{"dragnvehicles:motorcycle":1,"minecraft:sweet_berries":6,"refurbished_furniture:red_trampoline":2,"minecraft:dirt":8,"dragnvehicles:car":1,"securitycraft:sentry":1,"refurbished_furniture:spruce_light_ceiling_fan":2,"minecraft:black_shulker_box":4,"minecraft:white_tulip":1,"minecraft:azalea":3,"minecraft:jungle_sapling":1,"minecraft:white_shulker_box":3,"minecraft:oak_sapling":1},"minecraft:dropped":{"minecraft:dirt":4,"minecraft:oak_sapling":1},"minecraft:custom":{"minecraft:time_since_rest":22842,"minecraft:sprint_one_cm":38232,"minecraft:damage_taken":1341,"minecraft:walk_one_cm":107364,"minecraft:drop":5,"minecraft:damage_dealt":110,"minecraft:talked_to_villager":1,"minecraft:fly_one_cm":43245,"minecraft:crouch_one_cm":2377,"minecraft:play_time":56188,"minecraft:open_shulker_box":28,"minecraft:deaths":2,"minecraft:sneak_time":6964,"minecraft:jump":327,"minecraft:leave_game":2,"minecraft:time_since_death":22819,"minecraft:total_world_time":56188,"minecraft:fall_one_cm":9082},"minecraft:mined":{"minecraft:black_shulker_box":4,"minecraft:podzol":2,"refurbished_furniture:spruce_light_ceiling_fan":2,"minecraft:oak_sapling":1,"minecraft:jungle_leaves":3,"minecraft:gray_stained_glass":1,"refurbished_furniture:red_trampoline":2,"minecraft:dirt":1,"minecraft:white_shulker_box":3,"minecraft:tripwire":1},"minecraft:killed_by":{"minecraft:player":2},"minecraft:used":{"refurbished_furniture:red_trampoline":2,"dragnvehicles:car":1,"minecraft:black_shulker_box":3,"minecraft:white_shulker_box":2,"securitycraft:sentry":1,"minecraft:dirt":4,"refurbished_furniture:spruce_light_ceiling_fan":2,"dragnvehicles:motorcycle":1}},"DataVersion":3465}