{"stats":{"minecraft:broken":{"minecraft:leather_chestplate":1,"minecraft:leather_boots":1},"minecraft:picked_up":{"refurbished_furniture:light_microwave":64,"minecraft:black_carpet":4,"refurbished_furniture:dough":2,"minecraft:firework_star":2,"minecraft:chainmail_boots":1,"gamingdeco:alpha_7_4":1,"minecraft:suspicious_stew":56,"minecraft:leather_leggings":2,"minecraft:potion":36,"refurbished_furniture:plate":9,"gamingdeco:modern_tv_on":1,"gamingdeco:playtics_station_next_gen":3,"gamingdeco:asas_gaming_monitor_off":1,"minecraft:item_frame":187,"minecraft:armor_stand":1,"minecraft:white_carpet":40,"minecraft:blue_orchid":1,"minecraft:beetroot":5,"minecraft:black_glazed_terracotta":1,"minecraft:beef":5,"refurbished_furniture:light_electricity_generator":1,"minecraft:written_book":1,"gamingdeco:gaming_pc_1_off":2,"minecraft:iron_pickaxe":3,"minecraft:melon_slice":9,"refurbished_furniture:light_stove":72,"minecraft:chest":2,"gamingdeco:softbox_bottom":4,"gamingdeco:webcam":8,"minecraft:glow_item_frame":29,"minecraft:polished_deepslate_stairs":1,"minecraft:bowl":1,"gamingdeco:gaming_monitor_curved_nsi":1,"minecraft:mushroom_stem":3,"minecraft:blue_carpet":8,"refurbished_furniture:cooked_meatlovers_pizza":1,"minecraft:arrow":63,"refurbished_furniture:light_toaster":2,"minecraft:honey_bottle":8,"minecraft:golden_hoe":164,"minecraft:pumpkin_pie":11,"minecraft:beetroot_seeds":14,"refurbished_furniture:meatlovers_pizza_slice":3,"refurbished_furniture:cooked_vegetable_pizza":9,"gamingdeco:modern_tv_type_2":1,"minecraft:saddle":7,"minecraft:glow_berries":1,"minecraft:mutton":3,"minecraft:snowball":20,"minecraft:leather_chestplate":3,"refurbished_furniture:red_toilet":1,"minecraft:clock":4,"minecraft:cooked_beef":25,"minecraft:carrot_on_a_stick":1,"minecraft:potato":9,"minecraft:filled_map":165,"refurbished_furniture:black_cooler":2,"minecraft:stripped_spruce_wood":1,"securitycraft:keypad_chest":1,"minecraft:blue_bed":1,"minecraft:paper":139,"refurbished_furniture:light_blue_trampoline":1,"gamingdeco:mmd_gaming_laptop_close":3,"minecraft:purple_carpet":3,"minecraft:leather_boots":3,"refurbished_furniture:frying_pan":2,"minecraft:apple":94,"minecraft:gray_carpet":8,"minecraft:wheat_seeds":1,"refurbished_furniture:cheese_sandwich":8,"minecraft:glass_bottle":21,"minecraft:music_disc_chirp":1,"minecraft:book":18,"minecraft:pink_bed":1,"minecraft:pumpkin":2,"minecraft:sweet_berries":8,"gamingdeco:microphone_eyetos_x_pop":2,"minecraft:spyglass":2,"eyemod:eyephone":2,"refurbished_furniture:recycle_bin":1,"refurbished_furniture:red_basin":1,"refurbished_furniture:knife":2,"minecraft:shulker_box":1,"gamingdeco:softbox_block_off":4,"refurbished_furniture:gray_kitchen_drawer":1,"minecraft:bundle":23,"refurbished_furniture:dark_oak_chair":6,"gamingdeco:microphone_eyetos_x_off":1,"minecraft:polished_blackstone_button":2,"minecraft:writable_book":2,"minecraft:crossbow":18,"minecraft:emerald":538,"minecraft:bread":268,"minecraft:baked_potato":12,"minecraft:light_gray_carpet":7,"refurbished_furniture:birch_drawer":1,"minecraft:sunflower":51,"minecraft:diamond_pickaxe":1},"minecraft:dropped":{"minecraft:stone_hoe":1,"minecraft:bread":146,"minecraft:wheat_seeds":1,"minecraft:clock":3,"minecraft:cooked_beef":9,"minecraft:glass_bottle":24,"refurbished_furniture:recycle_bin":3,"minecraft:crossbow":21,"gamingdeco:modern_tv_type_2":1,"minecraft:glow_berries":1,"minecraft:glow_item_frame":4,"minecraft:apple":66,"refurbished_furniture:spruce_desk":1,"minecraft:saddle":3,"refurbished_furniture:light_stove":68,"minecraft:chainmail_helmet":1,"minecraft:carrot_on_a_stick":2,"minecraft:item_frame":45,"minecraft:emerald":526,"refurbished_furniture:red_toilet":1,"eyemod:eyephone":1,"refurbished_furniture:dough":1,"refurbished_furniture:black_cooler":2,"minecraft:mutton":3,"minecraft:melon_slice":5,"refurbished_furniture:light_microwave":128,"minecraft:snowball":12,"minecraft:potion":32,"minecraft:writable_book":1,"minecraft:pumpkin_pie":2,"minecraft:pumpkin":2,"minecraft:golden_hoe":100,"gamingdeco:alpha_7_4":1,"minecraft:iron_pickaxe":2,"gamingdeco:gaming_pc_1_off":1,"minecraft:paper":69,"refurbished_furniture:birch_drawer":1,"minecraft:gray_carpet":3,"minecraft:armor_stand":1,"gamingdeco:softbox_block_off":1,"minecraft:jungle_chest_boat":1,"minecraft:spyglass":4,"minecraft:bowl":1,"minecraft:beetroot":5,"minecraft:white_carpet":47,"refurbished_furniture:dark_oak_storage_jar":1,"minecraft:honey_bottle":4,"minecraft:shulker_box":1,"minecraft:polished_deepslate_stairs":1,"minecraft:carrot":1,"minecraft:suspicious_stew":33,"minecraft:filled_map":165,"minecraft:firework_star":2,"minecraft:leather_chestplate":13,"minecraft:potato":1,"gamingdeco:playtics_station_next_gen":1,"minecraft:bundle":15,"refurbished_furniture:gray_kitchen_drawer":1,"minecraft:beetroot_seeds":14,"refurbished_furniture:light_blue_trampoline":1,"refurbished_furniture:meatlovers_pizza_slice":1,"minecraft:leather_boots":9,"minecraft:leather_leggings":1,"minecraft:barrel":2,"refurbished_furniture:gray_kitchen_cabinetry":1,"minecraft:arrow":59,"minecraft:blue_orchid":1,"gamingdeco:modern_tv_on":1,"refurbished_furniture:frying_pan":1,"minecraft:beef":5,"securitycraft:keypad_chest":1,"minecraft:stripped_spruce_wood":1,"minecraft:dark_prismarine":1,"minecraft:written_book":4,"refurbished_furniture:red_basin":1},"minecraft:used":{"minecraft:writable_book":16,"minecraft:carrot_on_a_stick":21,"gamingdeco:keyboard_pt_light_off":1,"securitycraft:keypad_chest":1,"minecraft:ladder":3,"minecraft:chest":2,"minecraft:spruce_planks":6,"refurbished_furniture:gray_grill":2,"refurbished_furniture:black_basin":1,"refurbished_furniture:dark_microwave":1,"refurbished_furniture:black_kitchen_drawer":2,"minecraft:spyglass":9,"refurbished_furniture:lime_basin":1,"minecraft:shulker_box":1,"refurbished_furniture:lime_toilet":2,"gamingdeco:player_y_mic":2,"minecraft:snowball":8,"refurbished_furniture:frying_pan":2,"refurbished_furniture:recycle_bin":4,"gamingdeco:softbox_bottom":3,"refurbished_furniture:meatlovers_pizza_slice":1,"refurbished_furniture:light_microwave":2,"refurbished_furniture:light_toaster":2,"gamingdeco:asas_gaming_monitor_off":10,"minecraft:sweet_berries":8,"minecraft:written_book":9,"gamingdeco:microphone_eyetos_x_off":1,"minecraft:item_frame":102,"refurbished_furniture:birch_drawer":1,"refurbished_furniture:lime_bath":1,"minecraft:cooked_cod":1,"gamingdeco:playtics_station_next_gen":4,"refurbished_furniture:dark_oak_kitchen_sink":1,"minecraft:potato":8,"minecraft:cooked_beef":15,"minecraft:leather_leggings":10,"refurbished_furniture:plate":8,"gamingdeco:gaming_monitor_curved_nsi":1,"minecraft:bundle":3,"gamingdeco:gaming_pc_1_off":3,"minecraft:gray_carpet":58,"minecraft:netherite_chestplate":6,"minecraft:baked_potato":11,"refurbished_furniture:light_stove":4,"minecraft:leather_chestplate":23,"minecraft:chainmail_helmet":4,"refurbished_furniture:black_toilet":1,"minecraft:blue_bed":1,"refurbished_furniture:gray_sofa":8,"minecraft:leather_boots":7,"refurbished_furniture:cheese_sandwich":2,"refurbished_furniture:gray_kitchen_cabinetry":8,"refurbished_furniture:red_toilet":2,"refurbished_furniture:warped_crate":4,"minecraft:crossbow":7,"gamingdeco:gaming_monitor_curved_nsi_off":3,"minecraft:mushroom_stem":6,"minecraft:redstone_torch":4,"gamingdeco:microphone_eyetos_x_pop":2,"minecraft:black_wool":2,"refurbished_furniture:light_blue_trampoline":9,"minecraft:diamond_pickaxe":7,"minecraft:apple":39,"gamingdeco:microphone_eyetos_x":1,"minecraft:iron_pickaxe":4,"minecraft:melon_slice":4,"minecraft:suspicious_stew":3,"minecraft:bread":93,"refurbished_furniture:red_basin":1,"eyemod:eyephone":4,"minecraft:pink_bed":1,"refurbished_furniture:dark_oak_kitchen_cabinetry":9,"gamingdeco:modern_office_monitor_on":2,"refurbished_furniture:gray_kitchen_drawer":14,"minecraft:potion":9,"refurbished_furniture:dark_oak_drawer":7,"gamingdeco:softbox_block_off":2,"minecraft:chainmail_boots":1,"refurbished_furniture:dark_oak_bath":1,"gamingdeco:modern_tv_on":4,"refurbished_furniture:dark_oak_chair":4,"gamingdeco:mmd_gaming_laptop_close":3,"refurbished_furniture:yellow_grill":5,"minecraft:pumpkin_pie":9,"gamingdeco:mmd_gaming_laptop_open_off":3,"minecraft:purple_carpet":3,"refurbished_furniture:red_bath":1,"gamingdeco:webcam":12},"minecraft:custom":{"minecraft:inspect_dropper":5,"minecraft:interact_with_anvil":1,"minecraft:mob_kills":1,"minecraft:inspect_hopper":2,"minecraft:open_barrel":61,"minecraft:open_shulker_box":15,"minecraft:eat_cake_slice":2,"minecraft:leave_game":54,"minecraft:time_since_death":76547,"minecraft:climb_one_cm":2374,"minecraft:sprint_one_cm":4519672,"minecraft:walk_one_cm":8730329,"minecraft:drop":774,"minecraft:talked_to_villager":119,"minecraft:play_time":2467879,"minecraft:sneak_time":59825,"minecraft:deaths":30,"minecraft:walk_under_water_one_cm":1436,"minecraft:interact_with_lectern":79,"minecraft:boat_one_cm":1223,"minecraft:jump":13339,"minecraft:walk_on_water_one_cm":4861,"minecraft:total_world_time":2467879,"minecraft:interact_with_furnace":14,"minecraft:tune_noteblock":1,"minecraft:interact_with_loom":1,"minecraft:sleep_in_bed":3,"minecraft:time_since_rest":76592,"minecraft:damage_taken":10999,"minecraft:damage_dealt":1205,"minecraft:swim_one_cm":6138,"minecraft:player_kills":2,"minecraft:fly_one_cm":4130208,"minecraft:pig_one_cm":15,"minecraft:open_chest":84,"minecraft:crouch_one_cm":95551,"minecraft:interact_with_smoker":5,"minecraft:fall_one_cm":102124,"minecraft:horse_one_cm":268976},"minecraft:mined":{"gamingdeco:mmd_gaming_laptop_close":2,"gamingdeco:softbox_bottom":4,"minecraft:shulker_box":1,"refurbished_furniture:plate":10,"refurbished_furniture:dark_ceiling_light":1,"minecraft:oxeye_daisy":1,"gamingdeco:microphone_eyetos_x_off":1,"minecraft:fire":1,"gamingdeco:gaming_pc_1":1,"refurbished_furniture:dark_oak_chair":6,"gamingdeco:softbox_block_off":2,"minecraft:bookshelf":6,"minecraft:purple_carpet":3,"refurbished_furniture:light_toaster":2,"gamingdeco:mmd_gaming_laptop_open_off":1,"gamingdeco:microphone_eyetos_x_pop":2,"minecraft:acacia_leaves":16,"minecraft:mushroom_stem":2,"minecraft:tall_grass":2,"gamingdeco:softbox_block":1,"gamingdeco:asas_gaming_monitor_off":1,"refurbished_furniture:frying_pan":1,"gamingdeco:webcam":8,"minecraft:sweet_berry_bush":2,"gamingdeco:gaming_monitor_curved_nsi":1,"gamingdeco:playtics_station_next_gen":2,"minecraft:gray_carpet":5},"minecraft:crafted":{"minecraft:apple":4},"minecraft:killed_by":{"minecraft:player":6,"minecraft:vindicator":1}},"DataVersion":3465}