{"stats":{"minecraft:broken":{"minecraft:leather_chestplate":1,"minecraft:leather_boots":1},"minecraft:picked_up":{"refurbished_furniture:light_microwave":64,"minecraft:firework_star":2,"minecraft:chainmail_boots":1,"gamingdeco:alpha_7_4":1,"minecraft:suspicious_stew":53,"minecraft:leather_leggings":2,"minecraft:potion":36,"gamingdeco:modern_tv_on":1,"gamingdeco:playtics_station_next_gen":1,"minecraft:item_frame":186,"minecraft:armor_stand":1,"minecraft:white_carpet":40,"minecraft:blue_orchid":1,"minecraft:beetroot":5,"minecraft:black_glazed_terracotta":1,"minecraft:beef":5,"refurbished_furniture:light_electricity_generator":1,"minecraft:written_book":1,"gamingdeco:gaming_pc_1_off":1,"minecraft:iron_pickaxe":3,"minecraft:melon_slice":9,"refurbished_furniture:light_stove":72,"minecraft:chest":2,"minecraft:glow_item_frame":29,"minecraft:bowl":1,"minecraft:mushroom_stem":2,"minecraft:honey_bottle":8,"minecraft:arrow":63,"minecraft:beetroot_seeds":14,"minecraft:pumpkin_pie":11,"minecraft:golden_hoe":164,"gamingdeco:modern_tv_type_2":1,"minecraft:saddle":7,"minecraft:glow_berries":1,"minecraft:mutton":3,"minecraft:snowball":20,"minecraft:cooked_beef":25,"minecraft:leather_chestplate":3,"refurbished_furniture:red_toilet":1,"minecraft:clock":4,"minecraft:carrot_on_a_stick":1,"minecraft:potato":9,"minecraft:filled_map":165,"minecraft:stripped_spruce_wood":1,"minecraft:blue_bed":1,"minecraft:paper":139,"minecraft:leather_boots":3,"minecraft:purple_carpet":3,"minecraft:apple":94,"minecraft:gray_carpet":4,"minecraft:wheat_seeds":1,"minecraft:glass_bottle":21,"minecraft:music_disc_chirp":1,"minecraft:book":18,"minecraft:pink_bed":1,"minecraft:pumpkin":2,"minecraft:sweet_berries":8,"minecraft:spyglass":2,"refurbished_furniture:red_basin":1,"refurbished_furniture:recycle_bin":1,"minecraft:shulker_box":1,"refurbished_furniture:gray_kitchen_drawer":1,"minecraft:bundle":23,"minecraft:writable_book":2,"minecraft:polished_blackstone_button":2,"minecraft:crossbow":18,"minecraft:emerald":474,"minecraft:bread":268,"minecraft:baked_potato":12,"minecraft:light_gray_carpet":7,"refurbished_furniture:birch_drawer":1,"minecraft:sunflower":51},"minecraft:dropped":{"minecraft:stone_hoe":1,"minecraft:bread":146,"minecraft:wheat_seeds":1,"minecraft:clock":3,"minecraft:cooked_beef":9,"minecraft:glass_bottle":24,"refurbished_furniture:recycle_bin":3,"minecraft:crossbow":21,"gamingdeco:modern_tv_type_2":1,"minecraft:glow_berries":1,"minecraft:glow_item_frame":4,"refurbished_furniture:spruce_desk":1,"minecraft:apple":66,"minecraft:saddle":3,"refurbished_furniture:light_stove":68,"minecraft:carrot_on_a_stick":2,"minecraft:chainmail_helmet":1,"minecraft:item_frame":44,"minecraft:emerald":526,"refurbished_furniture:red_toilet":1,"minecraft:mutton":3,"minecraft:melon_slice":5,"refurbished_furniture:light_microwave":128,"minecraft:snowball":12,"minecraft:potion":32,"minecraft:pumpkin_pie":2,"minecraft:writable_book":1,"minecraft:golden_hoe":100,"minecraft:pumpkin":2,"gamingdeco:alpha_7_4":1,"minecraft:iron_pickaxe":2,"gamingdeco:gaming_pc_1_off":1,"minecraft:paper":69,"refurbished_furniture:birch_drawer":1,"minecraft:gray_carpet":3,"minecraft:armor_stand":1,"minecraft:jungle_chest_boat":1,"minecraft:spyglass":4,"minecraft:bowl":1,"minecraft:beetroot":5,"minecraft:white_carpet":47,"refurbished_furniture:dark_oak_storage_jar":1,"minecraft:honey_bottle":4,"minecraft:shulker_box":1,"minecraft:carrot":1,"minecraft:suspicious_stew":33,"minecraft:filled_map":165,"minecraft:firework_star":2,"minecraft:leather_chestplate":13,"minecraft:potato":1,"gamingdeco:playtics_station_next_gen":1,"minecraft:bundle":15,"refurbished_furniture:gray_kitchen_drawer":1,"minecraft:beetroot_seeds":14,"minecraft:leather_boots":9,"minecraft:leather_leggings":1,"minecraft:barrel":2,"minecraft:arrow":59,"minecraft:blue_orchid":1,"gamingdeco:modern_tv_on":1,"refurbished_furniture:frying_pan":1,"minecraft:beef":5,"minecraft:stripped_spruce_wood":1,"minecraft:dark_prismarine":1,"minecraft:written_book":4,"refurbished_furniture:red_basin":1},"minecraft:used":{"minecraft:writable_book":15,"gamingdeco:keyboard_pt_light_off":1,"minecraft:carrot_on_a_stick":21,"minecraft:ladder":3,"minecraft:chest":2,"refurbished_furniture:black_basin":1,"minecraft:spyglass":9,"minecraft:shulker_box":1,"gamingdeco:player_y_mic":2,"minecraft:snowball":8,"refurbished_furniture:recycle_bin":4,"refurbished_furniture:light_microwave":1,"gamingdeco:asas_gaming_monitor_off":9,"minecraft:item_frame":102,"refurbished_furniture:birch_drawer":1,"minecraft:written_book":9,"minecraft:sweet_berries":8,"minecraft:cooked_cod":1,"gamingdeco:playtics_station_next_gen":2,"refurbished_furniture:dark_oak_kitchen_sink":1,"minecraft:potato":8,"minecraft:cooked_beef":15,"minecraft:leather_leggings":10,"minecraft:bundle":3,"gamingdeco:gaming_pc_1_off":1,"minecraft:netherite_chestplate":6,"minecraft:baked_potato":11,"refurbished_furniture:light_stove":4,"minecraft:leather_chestplate":23,"minecraft:chainmail_helmet":4,"minecraft:blue_bed":1,"refurbished_furniture:gray_sofa":8,"minecraft:leather_boots":7,"refurbished_furniture:black_toilet":1,"refurbished_furniture:red_toilet":2,"minecraft:crossbow":7,"gamingdeco:gaming_monitor_curved_nsi_off":3,"minecraft:mushroom_stem":3,"minecraft:redstone_torch":4,"minecraft:black_wool":2,"minecraft:apple":39,"minecraft:melon_slice":4,"minecraft:bread":93,"minecraft:iron_pickaxe":4,"minecraft:suspicious_stew":2,"refurbished_furniture:red_basin":1,"minecraft:pink_bed":1,"refurbished_furniture:dark_oak_kitchen_cabinetry":9,"refurbished_furniture:gray_kitchen_drawer":13,"refurbished_furniture:dark_oak_bath":1,"gamingdeco:modern_office_monitor_on":2,"minecraft:potion":9,"refurbished_furniture:dark_oak_drawer":7,"minecraft:chainmail_boots":1,"gamingdeco:modern_tv_on":3,"minecraft:pumpkin_pie":9,"gamingdeco:mmd_gaming_laptop_open_off":3,"minecraft:purple_carpet":3,"refurbished_furniture:red_bath":1,"gamingdeco:webcam":2},"minecraft:custom":{"minecraft:inspect_dropper":5,"minecraft:mob_kills":1,"minecraft:interact_with_anvil":1,"minecraft:inspect_hopper":2,"minecraft:open_barrel":61,"minecraft:open_shulker_box":15,"minecraft:eat_cake_slice":2,"minecraft:leave_game":47,"minecraft:time_since_death":273806,"minecraft:climb_one_cm":2374,"minecraft:sprint_one_cm":4383075,"minecraft:walk_one_cm":8292334,"minecraft:drop":764,"minecraft:talked_to_villager":119,"minecraft:play_time":2324186,"minecraft:deaths":26,"minecraft:sneak_time":56634,"minecraft:walk_under_water_one_cm":1436,"minecraft:boat_one_cm":1223,"minecraft:interact_with_lectern":79,"minecraft:jump":13068,"minecraft:walk_on_water_one_cm":4861,"minecraft:total_world_time":2324186,"minecraft:interact_with_furnace":14,"minecraft:tune_noteblock":1,"minecraft:interact_with_loom":1,"minecraft:sleep_in_bed":3,"minecraft:time_since_rest":165883,"minecraft:damage_taken":9459,"minecraft:damage_dealt":1205,"minecraft:swim_one_cm":6138,"minecraft:fly_one_cm":4046945,"minecraft:player_kills":2,"minecraft:open_chest":63,"minecraft:pig_one_cm":15,"minecraft:crouch_one_cm":92972,"minecraft:interact_with_smoker":5,"minecraft:fall_one_cm":98378,"minecraft:horse_one_cm":268976},"minecraft:mined":{"minecraft:shulker_box":1,"minecraft:oxeye_daisy":1,"minecraft:bookshelf":6,"minecraft:purple_carpet":3,"minecraft:mushroom_stem":2,"minecraft:tall_grass":2,"minecraft:sweet_berry_bush":2,"minecraft:gray_carpet":1},"minecraft:crafted":{"minecraft:apple":4},"minecraft:killed_by":{"minecraft:player":5,"minecraft:vindicator":1}},"DataVersion":3465}