{"stats":{"minecraft:picked_up":{"minecraft:leather_chestplate":3,"minecraft:leather_boots":1,"minecraft:apple":1,"minecraft:filled_map":10,"minecraft:bread":14,"minecraft:emerald":5,"minecraft:item_frame":1,"minecraft:snowball":1,"minecraft:hopper":1,"minecraft:paper":60,"minecraft:sunflower":21},"minecraft:mined":{"minecraft:jungle_leaves":1},"minecraft:dropped":{"minecraft:filled_map":10,"minecraft:bread":3,"minecraft:leather_chestplate":3,"minecraft:apple":2,"minecraft:paper":16,"minecraft:leather_boots":1,"minecraft:emerald":7},"minecraft:used":{"minecraft:apple":3,"minecraft:written_book":5,"minecraft:bread":15,"minecraft:item_frame":1,"minecraft:snowball":1},"minecraft:killed_by":{"minecraft:vindicator":1},"minecraft:custom":{"minecraft:open_barrel":12,"minecraft:time_since_rest":54634,"minecraft:damage_taken":568,"minecraft:play_time":254459,"minecraft:crouch_one_cm":6504,"minecraft:sprint_one_cm":372198,"minecraft:walk_one_cm":476528,"minecraft:deaths":1,"minecraft:sneak_time":10449,"minecraft:walk_under_water_one_cm":16,"minecraft:interact_with_anvil":1,"minecraft:drop":23,"minecraft:jump":1104,"minecraft:damage_dealt":177,"minecraft:leave_game":3,"minecraft:time_since_death":54612,"minecraft:walk_on_water_one_cm":75,"minecraft:total_world_time":254459,"minecraft:interact_with_smoker":1,"minecraft:climb_one_cm":36,"minecraft:fly_one_cm":291395,"minecraft:fall_one_cm":11317,"minecraft:talked_to_villager":6}},"DataVersion":3700}