{"stats":{"minecraft:broken":{"minecraft:leather_leggings":1},"minecraft:mined":{"minecraft:comparator":3,"minecraft:red_stained_glass":5,"minecraft:jungle_leaves":1,"minecraft:shulker_box":10,"minecraft:oak_fence":2,"minecraft:honey_block":1,"minecraft:stone_button":1,"minecraft:redstone_wire":2,"minecraft:mushroom_stem":1,"minecraft:tall_grass":4,"minecraft:warped_sign":1,"minecraft:repeater":3,"minecraft:gray_carpet":1,"minecraft:dirt":3},"minecraft:killed_by":{"minecraft:player":2},"minecraft:dropped":{"minecraft:bread":131,"minecraft:spyglass":4,"minecraft:netherite_hoe":1,"minecraft:clock":3,"minecraft:oak_pressure_plate":3,"minecraft:baked_potato":2,"minecraft:glass_bottle":6,"minecraft:netherite_chestplate":3,"minecraft:crossbow":11,"minecraft:oak_fence":2,"minecraft:leather":1,"minecraft:warped_sign":4,"minecraft:saddle":3,"minecraft:shulker_box":1,"minecraft:item_frame":11,"minecraft:emerald":773,"minecraft:filled_map":53,"minecraft:dirt":2,"minecraft:leather_chestplate":4,"minecraft:bundle":27,"minecraft:melon_slice":1,"minecraft:snowball":4,"minecraft:chest":2,"minecraft:leather_leggings":4,"minecraft:pumpkin_pie":5,"minecraft:golden_hoe":28,"minecraft:arrow":47,"minecraft:iron_pickaxe":3,"minecraft:black_concrete":1,"minecraft:paper":35},"minecraft:used":{"minecraft:oak_fence":1,"minecraft:netherite_sword":14,"minecraft:leather_leggings":1,"minecraft:gray_carpet":1,"minecraft:bundle":6,"minecraft:netherite_chestplate":3,"minecraft:redstone":2,"minecraft:carrot_on_a_stick":8,"minecraft:baked_potato":7,"minecraft:ladder":3,"minecraft:leather_chestplate":5,"minecraft:warped_sign":1,"minecraft:spyglass":2,"minecraft:dirt":2,"minecraft:comparator":3,"minecraft:crossbow":7,"minecraft:shulker_box":10,"minecraft:wandering_trader_spawn_egg":1,"minecraft:bread":66,"minecraft:stone_button":2,"minecraft:item_frame":77,"minecraft:repeater":3,"minecraft:potion":7,"minecraft:cooked_beef":1,"minecraft:pumpkin_pie":15,"minecraft:egg":1},"minecraft:picked_up":{"minecraft:leather_chestplate":3,"minecraft:jungle_boat":1,"minecraft:clock":2,"minecraft:cooked_beef":1,"minecraft:repeater":3,"minecraft:suspicious_stew":4,"minecraft:leather_leggings":1,"minecraft:carrot_on_a_stick":1,"minecraft:filled_map":51,"minecraft:potion":12,"minecraft:wandering_trader_spawn_egg":1,"minecraft:dirt":4,"minecraft:paper":80,"minecraft:item_frame":36,"minecraft:apple":32,"minecraft:gray_carpet":1,"minecraft:comparator":3,"minecraft:netherite_sword":1,"minecraft:iron_pickaxe":3,"minecraft:glass_bottle":1,"minecraft:melon_slice":2,"minecraft:chest":2,"minecraft:egg":20,"minecraft:sweet_berries":1,"minecraft:oak_fence":3,"minecraft:oak_pressure_plate":3,"minecraft:spyglass":4,"minecraft:dried_kelp":1,"minecraft:stone_button":2,"minecraft:redstone":2,"minecraft:shulker_box":10,"minecraft:bundle":28,"minecraft:arrow":53,"minecraft:black_concrete":1,"minecraft:pumpkin_pie":20,"minecraft:golden_hoe":46,"minecraft:crossbow":15,"minecraft:warped_sign":5,"minecraft:saddle":4,"minecraft:bread":392,"minecraft:emerald":914,"minecraft:netherite_chestplate":2,"minecraft:baked_potato":8,"minecraft:glow_berries":1,"minecraft:mutton":3,"minecraft:snowball":7,"minecraft:sunflower":600},"minecraft:custom":{"minecraft:inspect_dropper":1,"minecraft:interact_with_anvil":3,"minecraft:inspect_hopper":12,"minecraft:interact_with_crafting_table":1,"minecraft:open_barrel":35,"minecraft:open_shulker_box":47,"minecraft:bell_ring":14,"minecraft:leave_game":38,"minecraft:time_since_death":53209,"minecraft:sleep_in_bed":2,"minecraft:climb_one_cm":7776,"minecraft:time_since_rest":53232,"minecraft:sprint_one_cm":2278504,"minecraft:damage_taken":4892,"minecraft:walk_one_cm":2808739,"minecraft:drop":484,"minecraft:damage_dealt":2565,"minecraft:player_kills":2,"minecraft:fly_one_cm":1600156,"minecraft:talked_to_villager":51,"minecraft:open_chest":13,"minecraft:crouch_one_cm":49910,"minecraft:play_time":1187003,"minecraft:deaths":14,"minecraft:sneak_time":33329,"minecraft:walk_under_water_one_cm":40,"minecraft:boat_one_cm":10303,"minecraft:interact_with_lectern":17,"minecraft:jump":5662,"minecraft:walk_on_water_one_cm":6293,"minecraft:total_world_time":1187003,"minecraft:interact_with_smoker":1,"minecraft:fall_one_cm":53478,"minecraft:horse_one_cm":71411}},"DataVersion":3700}