{
  "minecraft:recipes/decorations/crafting_table": {
    "criteria": {
      "unlock_right_away": "2024-10-28 16:51:41 +0000"
    },
    "done": true
  },
  "minecraft:adventure/adventuring_time": {
    "criteria": {
      "minecraft:snowy_slopes": "2024-10-28 17:17:35 +0000",
      "minecraft:lukewarm_ocean": "2024-10-29 18:48:43 +0000",
      "minecraft:flower_forest": "2024-10-28 17:11:52 +0000",
      "minecraft:plains": "2024-10-28 16:51:42 +0000"
    },
    "done": false
  },
  "minecraft:recipes/misc/book": {
    "criteria": {
      "has_paper": "2024-10-28 16:52:31 +0000"
    },
    "done": true
  },
  "minecraft:recipes/building_blocks/emerald_block": {
    "criteria": {
      "has_emerald": "2024-10-28 16:52:31 +0000"
    },
    "done": true
  },
  "minecraft:recipes/decorations/cartography_table": {
    "criteria": {
      "has_paper": "2024-10-28 16:52:31 +0000"
    },
    "done": true
  },
  "minecraft:recipes/decorations/chest": {
    "criteria": {
      "has_lots_of_items": "2024-10-28 16:55:01 +0000"
    },
    "done": true
  },
  "minecraft:husbandry/balanced_diet": {
    "criteria": {
      "cooked_beef": "2024-10-28 17:25:30 +0000",
      "apple": "2024-10-28 18:36:48 +0000",
      "bread": "2024-10-28 17:12:36 +0000",
      "suspicious_stew": "2024-10-28 18:41:51 +0000",
      "cookie": "2024-10-29 16:19:49 +0000",
      "carrot": "2024-10-28 19:37:19 +0000"
    },
    "done": false
  },
  "minecraft:husbandry/root": {
    "criteria": {
      "consumed_item": "2024-10-28 17:12:36 +0000"
    },
    "done": true
  },
  "minecraft:recipes/decorations/glow_item_frame": {
    "criteria": {
      "has_item_frame": "2024-10-28 17:34:48 +0000"
    },
    "done": true
  },
  "minecraft:adventure/sleep_in_bed": {
    "criteria": {
      "slept_in_bed": "2024-10-28 17:39:51 +0000"
    },
    "done": true
  },
  "minecraft:recipes/misc/charcoal": {
    "criteria": {
      "has_log": "2024-10-28 18:08:42 +0000"
    },
    "done": true
  },
  "minecraft:recipes/building_blocks/oak_planks": {
    "criteria": {
      "has_logs": "2024-10-28 18:08:42 +0000"
    },
    "done": true
  },
  "minecraft:recipes/building_blocks/stripped_oak_wood": {
    "criteria": {
      "has_log": "2024-10-28 18:08:42 +0000"
    },
    "done": true
  },
  "minecraft:recipes/decorations/oak_hanging_sign": {
    "criteria": {
      "has_stripped_logs": "2024-10-28 18:08:42 +0000"
    },
    "done": true
  },
  "minecraft:recipes/building_blocks/oak_slab": {
    "criteria": {
      "has_planks": "2024-10-28 18:08:47 +0000"
    },
    "done": true
  },
  "minecraft:recipes/decorations/oak_sign": {
    "criteria": {
      "has_planks": "2024-10-28 18:08:47 +0000"
    },
    "done": true
  },
  "minecraft:recipes/redstone/oak_trapdoor": {
    "criteria": {
      "has_planks": "2024-10-28 18:08:47 +0000"
    },
    "done": true
  },
  "minecraft:recipes/redstone/oak_fence_gate": {
    "criteria": {
      "has_planks": "2024-10-28 18:08:47 +0000"
    },
    "done": true
  },
  "minecraft:recipes/redstone/oak_pressure_plate": {
    "criteria": {
      "has_planks": "2024-10-28 18:08:47 +0000"
    },
    "done": true
  },
  "minecraft:recipes/redstone/oak_door": {
    "criteria": {
      "has_planks": "2024-10-28 18:08:47 +0000"
    },
    "done": true
  },
  "minecraft:recipes/misc/stick": {
    "criteria": {
      "has_planks": "2024-10-28 18:08:47 +0000"
    },
    "done": true
  },
  "minecraft:recipes/building_blocks/oak_stairs": {
    "criteria": {
      "has_planks": "2024-10-28 18:08:47 +0000"
    },
    "done": true
  },
  "minecraft:recipes/decorations/oak_fence": {
    "criteria": {
      "has_planks": "2024-10-28 18:08:47 +0000"
    },
    "done": true
  },
  "minecraft:recipes/decorations/barrel": {
    "criteria": {
      "has_planks": "2024-10-28 18:08:47 +0000"
    },
    "done": true
  },
  "minecraft:recipes/redstone/oak_button": {
    "criteria": {
      "has_planks": "2024-10-28 18:08:47 +0000"
    },
    "done": true
  },
  "minecraft:recipes/building_blocks/spruce_planks": {
    "criteria": {
      "has_logs": "2024-10-28 18:09:05 +0000"
    },
    "done": true
  },
  "minecraft:recipes/decorations/spruce_hanging_sign": {
    "criteria": {
      "has_stripped_logs": "2024-10-28 18:09:05 +0000"
    },
    "done": true
  },
  "minecraft:recipes/building_blocks/stripped_spruce_wood": {
    "criteria": {
      "has_log": "2024-10-28 18:09:05 +0000"
    },
    "done": true
  },
  "minecraft:recipes/building_blocks/smooth_sandstone_stairs_from_smooth_sandstone_stonecutting": {
    "criteria": {
      "has_smooth_sandstone": "2024-10-28 18:14:28 +0000"
    },
    "done": true
  },
  "minecraft:recipes/building_blocks/smooth_sandstone_slab_from_smooth_sandstone_stonecutting": {
    "criteria": {
      "has_smooth_sandstone": "2024-10-28 18:14:28 +0000"
    },
    "done": true
  },
  "minecraft:recipes/building_blocks/smooth_sandstone_stairs": {
    "criteria": {
      "has_smooth_sandstone": "2024-10-28 18:14:28 +0000"
    },
    "done": true
  },
  "minecraft:recipes/building_blocks/smooth_sandstone_slab": {
    "criteria": {
      "has_smooth_sandstone": "2024-10-28 18:14:28 +0000"
    },
    "done": true
  },
  "minecraft:recipes/misc/bowl": {
    "criteria": {
      "has_brown_mushroom": "2024-10-28 18:29:19 +0000"
    },
    "done": true
  },
  "minecraft:recipes/food/mushroom_stew": {
    "criteria": {
      "has_brown_mushroom": "2024-10-28 18:29:19 +0000"
    },
    "done": true
  },
  "minecraft:recipes/decorations/snow": {
    "criteria": {
      "has_snowball": "2024-10-28 18:29:29 +0000"
    },
    "done": true
  },
  "minecraft:recipes/building_blocks/snow_block": {
    "criteria": {
      "has_snowball": "2024-10-28 18:29:29 +0000"
    },
    "done": true
  },
  "minecraft:recipes/food/cooked_chicken_from_campfire_cooking": {
    "criteria": {
      "has_chicken": "2024-10-28 18:30:50 +0000"
    },
    "done": true
  },
  "minecraft:recipes/food/cooked_chicken": {
    "criteria": {
      "has_chicken": "2024-10-28 18:30:50 +0000"
    },
    "done": true
  },
  "minecraft:recipes/food/cooked_chicken_from_smoking": {
    "criteria": {
      "has_chicken": "2024-10-28 18:30:50 +0000"
    },
    "done": true
  },
  "minecraft:recipes/food/cooked_mutton_from_smoking": {
    "criteria": {
      "has_mutton": "2024-10-28 18:30:59 +0000"
    },
    "done": true
  },
  "minecraft:recipes/food/cooked_mutton": {
    "criteria": {
      "has_mutton": "2024-10-28 18:30:59 +0000"
    },
    "done": true
  },
  "minecraft:recipes/food/cooked_mutton_from_campfire_cooking": {
    "criteria": {
      "has_mutton": "2024-10-28 18:30:59 +0000"
    },
    "done": true
  },
  "minecraft:recipes/food/cake": {
    "criteria": {
      "has_egg": "2024-10-28 18:31:09 +0000"
    },
    "done": true
  },
  "minecraft:recipes/misc/sugar_from_honey_bottle": {
    "criteria": {
      "has_honey_bottle": "2024-10-28 18:31:27 +0000"
    },
    "done": true
  },
  "minecraft:recipes/redstone/honey_block": {
    "criteria": {
      "has_honey_bottle": "2024-10-28 18:31:27 +0000"
    },
    "done": true
  },
  "minecraft:recipes/transportation/carrot_on_a_stick": {
    "criteria": {
      "has_carrot": "2024-10-28 19:29:36 +0000"
    },
    "done": true
  },
  "minecraft:adventure/root": {
    "criteria": {
      "killed_something": "2024-10-28 19:36:38 +0000"
    },
    "done": true
  },
  "minecraft:recipes/misc/blue_dye_from_cornflower": {
    "criteria": {
      "has_cornflower": "2024-10-28 19:39:15 +0000"
    },
    "done": true
  },
  "minecraft:recipes/misc/yellow_dye_from_dandelion": {
    "criteria": {
      "has_dandelion": "2024-10-28 19:39:22 +0000"
    },
    "done": true
  },
  "minecraft:recipes/decorations/ladder": {
    "criteria": {
      "has_stick": "2024-10-28 19:40:07 +0000"
    },
    "done": true
  },
  "minecraft:recipes/decorations/campfire": {
    "criteria": {
      "has_stick": "2024-10-28 19:40:07 +0000"
    },
    "done": true
  },
  "minecraft:recipes/tools/wooden_hoe": {
    "criteria": {
      "has_stick": "2024-10-28 19:40:07 +0000"
    },
    "done": true
  },
  "minecraft:recipes/tools/wooden_pickaxe": {
    "criteria": {
      "has_stick": "2024-10-28 19:40:07 +0000"
    },
    "done": true
  },
  "minecraft:recipes/tools/wooden_axe": {
    "criteria": {
      "has_stick": "2024-10-28 19:40:07 +0000"
    },
    "done": true
  },
  "minecraft:recipes/tools/wooden_shovel": {
    "criteria": {
      "has_stick": "2024-10-28 19:40:07 +0000"
    },
    "done": true
  },
  "minecraft:recipes/combat/wooden_sword": {
    "criteria": {
      "has_stick": "2024-10-28 19:40:07 +0000"
    },
    "done": true
  },
  "minecraft:recipes/misc/iron_nugget_from_smelting": {
    "criteria": {
      "has_iron_pickaxe": "2024-10-28 20:02:47 +0000"
    },
    "done": true
  },
  "minecraft:story/iron_tools": {
    "criteria": {
      "iron_pickaxe": "2024-10-28 20:02:47 +0000"
    },
    "done": true
  },
  "minecraft:recipes/misc/iron_nugget_from_blasting": {
    "criteria": {
      "has_iron_pickaxe": "2024-10-28 20:02:47 +0000"
    },
    "done": true
  },
  "minecraft:recipes/transportation/mangrove_boat": {
    "criteria": {
      "in_water": "2024-10-28 20:29:07 +0000"
    },
    "done": true
  },
  "minecraft:recipes/transportation/acacia_boat": {
    "criteria": {
      "in_water": "2024-10-28 20:29:07 +0000"
    },
    "done": true
  },
  "minecraft:recipes/transportation/cherry_boat": {
    "criteria": {
      "in_water": "2024-10-28 20:29:07 +0000"
    },
    "done": true
  },
  "minecraft:recipes/transportation/bamboo_raft": {
    "criteria": {
      "in_water": "2024-10-28 20:29:07 +0000"
    },
    "done": true
  },
  "minecraft:recipes/transportation/spruce_boat": {
    "criteria": {
      "in_water": "2024-10-28 20:29:07 +0000"
    },
    "done": true
  },
  "minecraft:recipes/transportation/birch_boat": {
    "criteria": {
      "in_water": "2024-10-28 20:29:07 +0000"
    },
    "done": true
  },
  "minecraft:recipes/transportation/oak_boat": {
    "criteria": {
      "in_water": "2024-10-28 20:29:07 +0000"
    },
    "done": true
  },
  "minecraft:recipes/transportation/jungle_boat": {
    "criteria": {
      "in_water": "2024-10-28 20:29:07 +0000"
    },
    "done": true
  },
  "minecraft:recipes/transportation/dark_oak_boat": {
    "criteria": {
      "in_water": "2024-10-28 20:29:07 +0000"
    },
    "done": true
  },
  "securitycraft:recipes/decorations/display_case": {
    "criteria": {
      "has_item_frame": "2024-10-29 16:13:41 +0000"
    },
    "done": true
  },
  "minecraft:recipes/transportation/spruce_chest_boat": {
    "criteria": {
      "has_boat": "2024-10-29 16:14:24 +0000"
    },
    "done": true
  },
  "minecraft:recipes/transportation/jungle_chest_boat": {
    "criteria": {
      "has_boat": "2024-10-29 16:14:24 +0000"
    },
    "done": true
  },
  "minecraft:recipes/transportation/acacia_chest_boat": {
    "criteria": {
      "has_boat": "2024-10-29 16:14:24 +0000"
    },
    "done": true
  },
  "minecraft:recipes/transportation/mangrove_chest_boat": {
    "criteria": {
      "has_boat": "2024-10-29 16:14:24 +0000"
    },
    "done": true
  },
  "minecraft:recipes/transportation/oak_chest_boat": {
    "criteria": {
      "has_boat": "2024-10-29 16:14:24 +0000"
    },
    "done": true
  },
  "minecraft:recipes/transportation/cherry_chest_boat": {
    "criteria": {
      "has_boat": "2024-10-29 16:14:24 +0000"
    },
    "done": true
  },
  "minecraft:recipes/transportation/birch_chest_boat": {
    "criteria": {
      "has_boat": "2024-10-29 16:14:24 +0000"
    },
    "done": true
  },
  "minecraft:recipes/transportation/dark_oak_chest_boat": {
    "criteria": {
      "has_boat": "2024-10-29 16:14:24 +0000"
    },
    "done": true
  },
  "minecraft:recipes/transportation/bamboo_chest_raft": {
    "criteria": {
      "has_boat": "2024-10-29 16:14:24 +0000"
    },
    "done": true
  },
  "securitycraft:recipes/misc/keypad_item": {
    "criteria": {
      "has_stone_button": "2024-10-29 16:41:01 +0000"
    },
    "done": true
  },
  "minecraft:recipes/misc/gold_nugget_from_smelting": {
    "criteria": {
      "has_golden_hoe": "2024-10-29 16:41:27 +0000"
    },
    "done": true
  },
  "minecraft:recipes/misc/gold_nugget_from_blasting": {
    "criteria": {
      "has_golden_hoe": "2024-10-29 16:41:27 +0000"
    },
    "done": true
  },
  "minecraft:recipes/building_blocks/polished_diorite": {
    "criteria": {
      "has_diorite": "2024-10-29 18:02:47 +0000"
    },
    "done": true
  },
  "minecraft:recipes/building_blocks/diorite_slab": {
    "criteria": {
      "has_diorite": "2024-10-29 18:02:47 +0000"
    },
    "done": true
  },
  "refurbished_furniture:recipes/misc/constructing/diorite_stepping_stones": {
    "criteria": {
      "has_diorite": "2024-10-29 18:02:47 +0000"
    },
    "done": true
  },
  "minecraft:recipes/decorations/diorite_wall": {
    "criteria": {
      "has_diorite": "2024-10-29 18:02:47 +0000"
    },
    "done": true
  },
  "minecraft:recipes/building_blocks/polished_diorite_stairs_from_diorite_stonecutting": {
    "criteria": {
      "has_diorite": "2024-10-29 18:02:47 +0000"
    },
    "done": true
  },
  "minecraft:recipes/building_blocks/diorite_stairs_from_diorite_stonecutting": {
    "criteria": {
      "has_diorite": "2024-10-29 18:02:47 +0000"
    },
    "done": true
  },
  "minecraft:recipes/decorations/diorite_wall_from_diorite_stonecutting": {
    "criteria": {
      "has_diorite": "2024-10-29 18:02:47 +0000"
    },
    "done": true
  },
  "minecraft:recipes/building_blocks/andesite": {
    "criteria": {
      "has_stone": "2024-10-29 18:02:47 +0000"
    },
    "done": true
  },
  "minecraft:recipes/building_blocks/polished_diorite_from_diorite_stonecutting": {
    "criteria": {
      "has_diorite": "2024-10-29 18:02:47 +0000"
    },
    "done": true
  },
  "minecraft:recipes/building_blocks/diorite_slab_from_diorite_stonecutting": {
    "criteria": {
      "has_diorite": "2024-10-29 18:02:47 +0000"
    },
    "done": true
  },
  "minecraft:recipes/building_blocks/polished_diorite_slab_from_diorite_stonecutting": {
    "criteria": {
      "has_diorite": "2024-10-29 18:02:47 +0000"
    },
    "done": true
  },
  "minecraft:recipes/building_blocks/diorite_stairs": {
    "criteria": {
      "has_diorite": "2024-10-29 18:02:47 +0000"
    },
    "done": true
  },
  "refurbished_furniture:recipes/misc/slicing/red_dye_from_sweet_berries": {
    "criteria": {
      "has_sweet_berries": "2024-10-29 18:45:37 +0000"
    },
    "done": true
  },
  "refurbished_furniture:recipes/frying/sweet_berry_jam": {
    "criteria": {
      "has_ingredient": "2024-10-29 18:45:37 +0000"
    },
    "done": true
  },
  "minecraft:recipes/misc/white_dye_from_lily_of_the_valley": {
    "criteria": {
      "has_lily_of_the_valley": "2024-10-29 18:45:44 +0000"
    },
    "done": true
  },
  "refurbished_furniture:recipes/misc/slicing/white_dye_from_lily_of_the_valley": {
    "criteria": {
      "has_lily_of_the_valley": "2024-10-29 18:45:44 +0000"
    },
    "done": true
  },
  "refurbished_furniture:recipes/misc/slicing/bread_slice_from_bread": {
    "criteria": {
      "has_bread": "2024-10-29 18:54:15 +0000"
    },
    "done": true
  },
  "refurbished_furniture:recipes/misc/constructing/purple_stool": {
    "criteria": {
      "has_planks": "2024-10-29 18:57:15 +0000"
    },
    "done": true
  },
  "refurbished_furniture:recipes/misc/constructing/blue_stool": {
    "criteria": {
      "has_planks": "2024-10-29 18:57:15 +0000"
    },
    "done": true
  },
  "refurbished_furniture:recipes/misc/constructing/brown_stool": {
    "criteria": {
      "has_planks": "2024-10-29 18:57:15 +0000"
    },
    "done": true
  },
  "refurbished_furniture:recipes/misc/constructing/dark_oak_chair": {
    "criteria": {
      "has_dark_oak_planks": "2024-10-29 18:57:15 +0000"
    },
    "done": true
  },
  "refurbished_furniture:recipes/misc/constructing/green_stool": {
    "criteria": {
      "has_planks": "2024-10-29 18:57:15 +0000"
    },
    "done": true
  },
  "refurbished_furniture:recipes/misc/constructing/orange_stool": {
    "criteria": {
      "has_planks": "2024-10-29 18:57:15 +0000"
    },
    "done": true
  },
  "minecraft:recipes/redstone/dark_oak_fence_gate": {
    "criteria": {
      "has_planks": "2024-10-29 18:57:15 +0000"
    },
    "done": true
  },
  "refurbished_furniture:recipes/misc/constructing/yellow_lamp": {
    "criteria": {
      "has_planks": "2024-10-29 18:57:15 +0000"
    },
    "done": true
  },
  "refurbished_furniture:recipes/misc/constructing/dark_oak_toilet": {
    "criteria": {
      "has_dark_oak_planks": "2024-10-29 18:57:15 +0000"
    },
    "done": true
  },
  "minecraft:recipes/redstone/dark_oak_trapdoor": {
    "criteria": {
      "has_planks": "2024-10-29 18:57:15 +0000"
    },
    "done": true
  },
  "refurbished_furniture:recipes/misc/constructing/black_cooler": {
    "criteria": {
      "has_planks": "2024-10-29 18:57:15 +0000"
    },
    "done": true
  },
  "refurbished_furniture:recipes/misc/constructing/lime_lamp": {
    "criteria": {
      "has_planks": "2024-10-29 18:57:15 +0000"
    },
    "done": true
  },
  "refurbished_furniture:recipes/misc/constructing/red_lamp": {
    "criteria": {
      "has_planks": "2024-10-29 18:57:15 +0000"
    },
    "done": true
  },
  "refurbished_furniture:recipes/misc/constructing/orange_lamp": {
    "criteria": {
      "has_planks": "2024-10-29 18:57:15 +0000"
    },
    "done": true
  },
  "refurbished_furniture:recipes/misc/constructing/dark_oak_basin": {
    "criteria": {
      "has_dark_oak_planks": "2024-10-29 18:57:15 +0000"
    },
    "done": true
  },
  "refurbished_furniture:recipes/misc/constructing/dark_oak_lattice_fence_gate": {
    "criteria": {
      "has_dark_oak_planks": "2024-10-29 18:57:15 +0000"
    },
    "done": true
  },
  "refurbished_furniture:recipes/misc/constructing/dark_oak_kitchen_cabinetry": {
    "criteria": {
      "has_dark_oak_planks": "2024-10-29 18:57:15 +0000"
    },
    "done": true
  },
  "refurbished_furniture:recipes/misc/constructing/magenta_cooler": {
    "criteria": {
      "has_planks": "2024-10-29 18:57:15 +0000"
    },
    "done": true
  },
  "refurbished_furniture:recipes/misc/constructing/light_blue_cooler": {
    "criteria": {
      "has_planks": "2024-10-29 18:57:15 +0000"
    },
    "done": true
  },
  "refurbished_furniture:recipes/misc/constructing/dark_oak_storage_cabinet": {
    "criteria": {
      "has_dark_oak_planks": "2024-10-29 18:57:15 +0000"
    },
    "done": true
  },
  "refurbished_furniture:recipes/misc/constructing/white_lamp": {
    "criteria": {
      "has_planks": "2024-10-29 18:57:15 +0000"
    },
    "done": true
  },
  "refurbished_furniture:recipes/misc/constructing/pink_sofa": {
    "criteria": {
      "has_planks": "2024-10-29 18:57:15 +0000"
    },
    "done": true
  },
  "refurbished_furniture:recipes/misc/constructing/dark_oak_crate": {
    "criteria": {
      "has_dark_oak_planks": "2024-10-29 18:57:15 +0000"
    },
    "done": true
  },
  "refurbished_furniture:recipes/misc/constructing/brown_lamp": {
    "criteria": {
      "has_planks": "2024-10-29 18:57:15 +0000"
    },
    "done": true
  },
  "refurbished_furniture:recipes/misc/constructing/yellow_sofa": {
    "criteria": {
      "has_planks": "2024-10-29 18:57:15 +0000"
    },
    "done": true
  },
  "refurbished_furniture:recipes/misc/constructing/orange_sofa": {
    "criteria": {
      "has_planks": "2024-10-29 18:57:15 +0000"
    },
    "done": true
  },
  "minecraft:recipes/redstone/dark_oak_button": {
    "criteria": {
      "has_planks": "2024-10-29 18:57:15 +0000"
    },
    "done": true
  },
  "refurbished_furniture:recipes/misc/constructing/lime_sofa": {
    "criteria": {
      "has_planks": "2024-10-29 18:57:15 +0000"
    },
    "done": true
  },
  "refurbished_furniture:recipes/misc/constructing/dark_oak_table": {
    "criteria": {
      "has_dark_oak_planks": "2024-10-29 18:57:15 +0000"
    },
    "done": true
  },
  "refurbished_furniture:recipes/misc/constructing/red_cooler": {
    "criteria": {
      "has_planks": "2024-10-29 18:57:15 +0000"
    },
    "done": true
  },
  "refurbished_furniture:recipes/misc/constructing/dark_oak_kitchen_sink": {
    "criteria": {
      "has_dark_oak_planks": "2024-10-29 18:57:15 +0000"
    },
    "done": true
  },
  "jeg:recipes/jeg/workbench": {
    "criteria": {
      "has_planks": "2024-10-29 18:57:15 +0000"
    },
    "done": true
  },
  "refurbished_furniture:recipes/misc/constructing/dark_oak_drawer": {
    "criteria": {
      "has_dark_oak_planks": "2024-10-29 18:57:15 +0000"
    },
    "done": true
  },
  "refurbished_furniture:recipes/misc/constructing/dark_oak_bath": {
    "criteria": {
      "has_dark_oak_planks": "2024-10-29 18:57:15 +0000"
    },
    "done": true
  },
  "refurbished_furniture:recipes/misc/constructing/magenta_stool": {
    "criteria": {
      "has_planks": "2024-10-29 18:57:15 +0000"
    },
    "done": true
  },
  "refurbished_furniture:recipes/misc/constructing/dark_oak_cutting_board": {
    "criteria": {
      "has_dark_oak_planks": "2024-10-29 18:57:15 +0000"
    },
    "done": true
  },
  "refurbished_furniture:recipes/misc/constructing/green_cooler": {
    "criteria": {
      "has_planks": "2024-10-29 18:57:15 +0000"
    },
    "done": true
  },
  "refurbished_furniture:recipes/misc/workbench": {
    "criteria": {
      "has_planks": "2024-10-29 18:57:15 +0000"
    },
    "done": true
  },
  "refurbished_furniture:recipes/misc/constructing/dark_oak_kitchen_drawer": {
    "criteria": {
      "has_dark_oak_planks": "2024-10-29 18:57:15 +0000"
    },
    "done": true
  },
  "refurbished_furniture:recipes/misc/constructing/brown_sofa": {
    "criteria": {
      "has_planks": "2024-10-29 18:57:15 +0000"
    },
    "done": true
  },
  "refurbished_furniture:recipes/misc/constructing/light_blue_lamp": {
    "criteria": {
      "has_planks": "2024-10-29 18:57:15 +0000"
    },
    "done": true
  },
  "minecraft:recipes/building_blocks/dark_oak_stairs": {
    "criteria": {
      "has_planks": "2024-10-29 18:57:15 +0000"
    },
    "done": true
  },
  "refurbished_furniture:recipes/misc/constructing/blue_sofa": {
    "criteria": {
      "has_planks": "2024-10-29 18:57:15 +0000"
    },
    "done": true
  },
  "refurbished_furniture:recipes/misc/constructing/brown_cooler": {
    "criteria": {
      "has_planks": "2024-10-29 18:57:15 +0000"
    },
    "done": true
  },
  "refurbished_furniture:recipes/misc/constructing/light_blue_stool": {
    "criteria": {
      "has_planks": "2024-10-29 18:57:15 +0000"
    },
    "done": true
  },
  "refurbished_furniture:recipes/misc/constructing/dark_oak_kitchen_storage_cabinet": {
    "criteria": {
      "has_dark_oak_planks": "2024-10-29 18:57:15 +0000"
    },
    "done": true
  },
  "refurbished_furniture:recipes/misc/constructing/dark_oak_mail_box": {
    "criteria": {
      "has_dark_oak_planks": "2024-10-29 18:57:15 +0000"
    },
    "done": true
  },
  "refurbished_furniture:recipes/misc/constructing/purple_cooler": {
    "criteria": {
      "has_planks": "2024-10-29 18:57:15 +0000"
    },
    "done": true
  },
  "refurbished_furniture:recipes/misc/constructing/cyan_cooler": {
    "criteria": {
      "has_planks": "2024-10-29 18:57:15 +0000"
    },
    "done": true
  },
  "refurbished_furniture:recipes/misc/constructing/light_gray_cooler": {
    "criteria": {
      "has_planks": "2024-10-29 18:57:15 +0000"
    },
    "done": true
  },
  "refurbished_furniture:recipes/misc/constructing/white_cooler": {
    "criteria": {
      "has_planks": "2024-10-29 18:57:15 +0000"
    },
    "done": true
  },
  "minecraft:recipes/redstone/dark_oak_pressure_plate": {
    "criteria": {
      "has_planks": "2024-10-29 18:57:15 +0000"
    },
    "done": true
  },
  "refurbished_furniture:recipes/misc/constructing/dark_oak_storage_jar": {
    "criteria": {
      "has_dark_oak_planks": "2024-10-29 18:57:15 +0000"
    },
    "done": true
  },
  "refurbished_furniture:recipes/misc/constructing/red_sofa": {
    "criteria": {
      "has_planks": "2024-10-29 18:57:15 +0000"
    },
    "done": true
  },
  "minecraft:recipes/decorations/dark_oak_fence": {
    "criteria": {
      "has_planks": "2024-10-29 18:57:15 +0000"
    },
    "done": true
  },
  "refurbished_furniture:recipes/misc/constructing/blue_lamp": {
    "criteria": {
      "has_planks": "2024-10-29 18:57:15 +0000"
    },
    "done": true
  },
  "minecraft:recipes/building_blocks/dark_oak_slab": {
    "criteria": {
      "has_planks": "2024-10-29 18:57:15 +0000"
    },
    "done": true
  },
  "refurbished_furniture:recipes/misc/constructing/red_stool": {
    "criteria": {
      "has_planks": "2024-10-29 18:57:15 +0000"
    },
    "done": true
  },
  "minecraft:recipes/redstone/dark_oak_door": {
    "criteria": {
      "has_planks": "2024-10-29 18:57:15 +0000"
    },
    "done": true
  },
  "refurbished_furniture:recipes/misc/constructing/lime_stool": {
    "criteria": {
      "has_planks": "2024-10-29 18:57:15 +0000"
    },
    "done": true
  },
  "refurbished_furniture:recipes/misc/constructing/magenta_lamp": {
    "criteria": {
      "has_planks": "2024-10-29 18:57:15 +0000"
    },
    "done": true
  },
  "refurbished_furniture:recipes/misc/constructing/gray_lamp": {
    "criteria": {
      "has_planks": "2024-10-29 18:57:15 +0000"
    },
    "done": true
  },
  "refurbished_furniture:recipes/misc/constructing/light_blue_sofa": {
    "criteria": {
      "has_planks": "2024-10-29 18:57:15 +0000"
    },
    "done": true
  },
  "refurbished_furniture:recipes/misc/constructing/black_sofa": {
    "criteria": {
      "has_planks": "2024-10-29 18:57:15 +0000"
    },
    "done": true
  },
  "refurbished_furniture:recipes/misc/constructing/light_gray_sofa": {
    "criteria": {
      "has_planks": "2024-10-29 18:57:15 +0000"
    },
    "done": true
  },
  "refurbished_furniture:recipes/misc/constructing/purple_sofa": {
    "criteria": {
      "has_planks": "2024-10-29 18:57:15 +0000"
    },
    "done": true
  },
  "refurbished_furniture:recipes/misc/constructing/dark_oak_lattice_fence": {
    "criteria": {
      "has_dark_oak_planks": "2024-10-29 18:57:15 +0000"
    },
    "done": true
  },
  "refurbished_furniture:recipes/misc/constructing/gray_cooler": {
    "criteria": {
      "has_planks": "2024-10-29 18:57:15 +0000"
    },
    "done": true
  },
  "refurbished_furniture:recipes/misc/constructing/light_gray_stool": {
    "criteria": {
      "has_planks": "2024-10-29 18:57:15 +0000"
    },
    "done": true
  },
  "refurbished_furniture:recipes/misc/constructing/white_stool": {
    "criteria": {
      "has_planks": "2024-10-29 18:57:15 +0000"
    },
    "done": true
  },
  "refurbished_furniture:recipes/misc/constructing/yellow_stool": {
    "criteria": {
      "has_planks": "2024-10-29 18:57:15 +0000"
    },
    "done": true
  },
  "refurbished_furniture:recipes/misc/constructing/black_lamp": {
    "criteria": {
      "has_planks": "2024-10-29 18:57:15 +0000"
    },
    "done": true
  },
  "refurbished_furniture:recipes/misc/constructing/post_box": {
    "criteria": {
      "has_planks": "2024-10-29 18:57:15 +0000"
    },
    "done": true
  },
  "refurbished_furniture:recipes/misc/constructing/pink_lamp": {
    "criteria": {
      "has_planks": "2024-10-29 18:57:15 +0000"
    },
    "done": true
  },
  "refurbished_furniture:recipes/misc/constructing/lime_cooler": {
    "criteria": {
      "has_planks": "2024-10-29 18:57:15 +0000"
    },
    "done": true
  },
  "refurbished_furniture:recipes/misc/constructing/gray_stool": {
    "criteria": {
      "has_planks": "2024-10-29 18:57:15 +0000"
    },
    "done": true
  },
  "refurbished_furniture:recipes/misc/constructing/green_lamp": {
    "criteria": {
      "has_planks": "2024-10-29 18:57:15 +0000"
    },
    "done": true
  },
  "refurbished_furniture:recipes/misc/constructing/magenta_sofa": {
    "criteria": {
      "has_planks": "2024-10-29 18:57:15 +0000"
    },
    "done": true
  },
  "refurbished_furniture:recipes/misc/constructing/pink_cooler": {
    "criteria": {
      "has_planks": "2024-10-29 18:57:15 +0000"
    },
    "done": true
  },
  "refurbished_furniture:recipes/misc/constructing/white_sofa": {
    "criteria": {
      "has_planks": "2024-10-29 18:57:15 +0000"
    },
    "done": true
  },
  "refurbished_furniture:recipes/misc/constructing/dark_oak_desk": {
    "criteria": {
      "has_dark_oak_planks": "2024-10-29 18:57:15 +0000"
    },
    "done": true
  },
  "refurbished_furniture:recipes/misc/constructing/cyan_sofa": {
    "criteria": {
      "has_planks": "2024-10-29 18:57:15 +0000"
    },
    "done": true
  },
  "refurbished_furniture:recipes/misc/constructing/yellow_cooler": {
    "criteria": {
      "has_planks": "2024-10-29 18:57:15 +0000"
    },
    "done": true
  },
  "refurbished_furniture:recipes/misc/constructing/cyan_stool": {
    "criteria": {
      "has_planks": "2024-10-29 18:57:15 +0000"
    },
    "done": true
  },
  "refurbished_furniture:recipes/misc/constructing/black_stool": {
    "criteria": {
      "has_planks": "2024-10-29 18:57:15 +0000"
    },
    "done": true
  },
  "refurbished_furniture:recipes/misc/constructing/green_sofa": {
    "criteria": {
      "has_planks": "2024-10-29 18:57:15 +0000"
    },
    "done": true
  },
  "refurbished_furniture:recipes/misc/constructing/blue_cooler": {
    "criteria": {
      "has_planks": "2024-10-29 18:57:15 +0000"
    },
    "done": true
  },
  "minecraft:recipes/decorations/dark_oak_sign": {
    "criteria": {
      "has_planks": "2024-10-29 18:57:15 +0000"
    },
    "done": true
  },
  "refurbished_furniture:recipes/misc/constructing/dark_oak_light_ceiling_fan": {
    "criteria": {
      "has_dark_oak_planks": "2024-10-29 18:57:15 +0000"
    },
    "done": true
  },
  "refurbished_furniture:recipes/misc/constructing/orange_cooler": {
    "criteria": {
      "has_planks": "2024-10-29 18:57:15 +0000"
    },
    "done": true
  },
  "refurbished_furniture:recipes/misc/constructing/cyan_lamp": {
    "criteria": {
      "has_planks": "2024-10-29 18:57:15 +0000"
    },
    "done": true
  },
  "refurbished_furniture:recipes/misc/constructing/light_gray_lamp": {
    "criteria": {
      "has_planks": "2024-10-29 18:57:15 +0000"
    },
    "done": true
  },
  "refurbished_furniture:recipes/misc/constructing/gray_sofa": {
    "criteria": {
      "has_planks": "2024-10-29 18:57:15 +0000"
    },
    "done": true
  },
  "refurbished_furniture:recipes/misc/constructing/purple_lamp": {
    "criteria": {
      "has_planks": "2024-10-29 18:57:15 +0000"
    },
    "done": true
  },
  "refurbished_furniture:recipes/misc/constructing/pink_stool": {
    "criteria": {
      "has_planks": "2024-10-29 18:57:15 +0000"
    },
    "done": true
  },
  "securitycraft:recipes/building_blocks/reinforced_mangrove_planks": {
    "criteria": {
      "has_log": "2024-10-29 19:09:27 +0000"
    },
    "done": true
  },
  "securitycraft:recipes/building_blocks/reinforced_stripped_mangrove_wood": {
    "criteria": {
      "has_log": "2024-10-29 19:09:27 +0000"
    },
    "done": true
  },
  "refurbished_furniture:recipes/misc/constructing/black_kitchen_sink": {
    "criteria": {
      "has_wooden_kitchen_sinks": "2024-10-29 19:18:55 +0000"
    },
    "done": true
  },
  "refurbished_furniture:recipes/misc/constructing/light_blue_kitchen_storage_cabinet": {
    "criteria": {
      "has_wooden_kitchen_storage_cabinets": "2024-10-29 19:18:57 +0000"
    },
    "done": true
  },
  "refurbished_furniture:recipes/misc/constructing/lime_kitchen_sink": {
    "criteria": {
      "has_wooden_kitchen_sinks": "2024-10-29 19:18:55 +0000"
    },
    "done": true
  },
  "refurbished_furniture:recipes/misc/constructing/orange_kitchen_storage_cabinet": {
    "criteria": {
      "has_wooden_kitchen_storage_cabinets": "2024-10-29 19:18:57 +0000"
    },
    "done": true
  },
  "refurbished_furniture:recipes/misc/constructing/magenta_kitchen_sink": {
    "criteria": {
      "has_wooden_kitchen_sinks": "2024-10-29 19:18:55 +0000"
    },
    "done": true
  },
  "refurbished_furniture:recipes/misc/constructing/cyan_kitchen_cabinetry": {
    "criteria": {
      "has_wooden_kitchen_cabinetry": "2024-10-29 19:18:53 +0000"
    },
    "done": true
  },
  "refurbished_furniture:recipes/misc/constructing/white_kitchen_drawer": {
    "criteria": {
      "has_wooden_kitchen_drawers": "2024-10-29 19:18:51 +0000"
    },
    "done": true
  },
  "refurbished_furniture:recipes/misc/constructing/cyan_kitchen_sink": {
    "criteria": {
      "has_wooden_kitchen_sinks": "2024-10-29 19:18:55 +0000"
    },
    "done": true
  },
  "refurbished_furniture:recipes/misc/constructing/red_kitchen_cabinetry": {
    "criteria": {
      "has_wooden_kitchen_cabinetry": "2024-10-29 19:18:53 +0000"
    },
    "done": true
  },
  "refurbished_furniture:recipes/misc/constructing/brown_kitchen_drawer": {
    "criteria": {
      "has_wooden_kitchen_drawers": "2024-10-29 19:18:51 +0000"
    },
    "done": true
  },
  "refurbished_furniture:recipes/misc/constructing/magenta_kitchen_storage_cabinet": {
    "criteria": {
      "has_wooden_kitchen_storage_cabinets": "2024-10-29 19:18:57 +0000"
    },
    "done": true
  },
  "refurbished_furniture:recipes/misc/constructing/gray_kitchen_drawer": {
    "criteria": {
      "has_wooden_kitchen_drawers": "2024-10-29 19:18:51 +0000"
    },
    "done": true
  },
  "refurbished_furniture:recipes/misc/constructing/green_kitchen_cabinetry": {
    "criteria": {
      "has_wooden_kitchen_cabinetry": "2024-10-29 19:18:53 +0000"
    },
    "done": true
  },
  "refurbished_furniture:recipes/misc/constructing/red_kitchen_sink": {
    "criteria": {
      "has_wooden_kitchen_sinks": "2024-10-29 19:18:55 +0000"
    },
    "done": true
  },
  "refurbished_furniture:recipes/misc/constructing/white_kitchen_storage_cabinet": {
    "criteria": {
      "has_wooden_kitchen_storage_cabinets": "2024-10-29 19:18:57 +0000"
    },
    "done": true
  },
  "refurbished_furniture:recipes/misc/constructing/purple_kitchen_storage_cabinet": {
    "criteria": {
      "has_wooden_kitchen_storage_cabinets": "2024-10-29 19:18:57 +0000"
    },
    "done": true
  },
  "refurbished_furniture:recipes/misc/constructing/yellow_kitchen_drawer": {
    "criteria": {
      "has_wooden_kitchen_drawers": "2024-10-29 19:18:51 +0000"
    },
    "done": true
  },
  "refurbished_furniture:recipes/misc/constructing/white_kitchen_sink": {
    "criteria": {
      "has_wooden_kitchen_sinks": "2024-10-29 19:18:55 +0000"
    },
    "done": true
  },
  "refurbished_furniture:recipes/misc/constructing/black_kitchen_cabinetry": {
    "criteria": {
      "has_wooden_kitchen_cabinetry": "2024-10-29 19:18:53 +0000"
    },
    "done": true
  },
  "refurbished_furniture:recipes/misc/constructing/yellow_kitchen_cabinetry": {
    "criteria": {
      "has_wooden_kitchen_cabinetry": "2024-10-29 19:18:53 +0000"
    },
    "done": true
  },
  "refurbished_furniture:recipes/misc/constructing/orange_kitchen_drawer": {
    "criteria": {
      "has_wooden_kitchen_drawers": "2024-10-29 19:18:51 +0000"
    },
    "done": true
  },
  "refurbished_furniture:recipes/misc/constructing/lime_kitchen_drawer": {
    "criteria": {
      "has_wooden_kitchen_drawers": "2024-10-29 19:18:51 +0000"
    },
    "done": true
  },
  "refurbished_furniture:recipes/misc/constructing/brown_kitchen_sink": {
    "criteria": {
      "has_wooden_kitchen_sinks": "2024-10-29 19:18:55 +0000"
    },
    "done": true
  },
  "refurbished_furniture:recipes/misc/constructing/pink_kitchen_sink": {
    "criteria": {
      "has_wooden_kitchen_sinks": "2024-10-29 19:18:55 +0000"
    },
    "done": true
  },
  "refurbished_furniture:recipes/misc/constructing/blue_kitchen_drawer": {
    "criteria": {
      "has_wooden_kitchen_drawers": "2024-10-29 19:18:51 +0000"
    },
    "done": true
  },
  "refurbished_furniture:recipes/misc/constructing/cyan_kitchen_storage_cabinet": {
    "criteria": {
      "has_wooden_kitchen_storage_cabinets": "2024-10-29 19:18:57 +0000"
    },
    "done": true
  },
  "refurbished_furniture:recipes/misc/constructing/gray_kitchen_sink": {
    "criteria": {
      "has_wooden_kitchen_sinks": "2024-10-29 19:18:55 +0000"
    },
    "done": true
  },
  "refurbished_furniture:recipes/misc/constructing/brown_kitchen_storage_cabinet": {
    "criteria": {
      "has_wooden_kitchen_storage_cabinets": "2024-10-29 19:18:57 +0000"
    },
    "done": true
  },
  "refurbished_furniture:recipes/misc/constructing/light_blue_kitchen_drawer": {
    "criteria": {
      "has_wooden_kitchen_drawers": "2024-10-29 19:18:51 +0000"
    },
    "done": true
  },
  "refurbished_furniture:recipes/misc/constructing/lime_kitchen_cabinetry": {
    "criteria": {
      "has_wooden_kitchen_cabinetry": "2024-10-29 19:18:53 +0000"
    },
    "done": true
  },
  "refurbished_furniture:recipes/misc/constructing/light_gray_kitchen_sink": {
    "criteria": {
      "has_wooden_kitchen_sinks": "2024-10-29 19:18:55 +0000"
    },
    "done": true
  },
  "refurbished_furniture:recipes/misc/constructing/green_kitchen_sink": {
    "criteria": {
      "has_wooden_kitchen_sinks": "2024-10-29 19:18:55 +0000"
    },
    "done": true
  },
  "refurbished_furniture:recipes/misc/constructing/green_kitchen_drawer": {
    "criteria": {
      "has_wooden_kitchen_drawers": "2024-10-29 19:18:51 +0000"
    },
    "done": true
  },
  "refurbished_furniture:recipes/misc/constructing/pink_kitchen_cabinetry": {
    "criteria": {
      "has_wooden_kitchen_cabinetry": "2024-10-29 19:18:53 +0000"
    },
    "done": true
  },
  "refurbished_furniture:recipes/misc/constructing/orange_kitchen_cabinetry": {
    "criteria": {
      "has_wooden_kitchen_cabinetry": "2024-10-29 19:18:53 +0000"
    },
    "done": true
  },
  "refurbished_furniture:recipes/misc/constructing/blue_kitchen_storage_cabinet": {
    "criteria": {
      "has_wooden_kitchen_storage_cabinets": "2024-10-29 19:18:57 +0000"
    },
    "done": true
  },
  "refurbished_furniture:recipes/misc/constructing/blue_kitchen_cabinetry": {
    "criteria": {
      "has_wooden_kitchen_cabinetry": "2024-10-29 19:18:53 +0000"
    },
    "done": true
  },
  "refurbished_furniture:recipes/misc/constructing/purple_kitchen_cabinetry": {
    "criteria": {
      "has_wooden_kitchen_cabinetry": "2024-10-29 19:18:53 +0000"
    },
    "done": true
  },
  "refurbished_furniture:recipes/misc/constructing/cyan_kitchen_drawer": {
    "criteria": {
      "has_wooden_kitchen_drawers": "2024-10-29 19:18:51 +0000"
    },
    "done": true
  },
  "refurbished_furniture:recipes/misc/constructing/yellow_kitchen_sink": {
    "criteria": {
      "has_wooden_kitchen_sinks": "2024-10-29 19:18:55 +0000"
    },
    "done": true
  },
  "refurbished_furniture:recipes/misc/constructing/magenta_kitchen_cabinetry": {
    "criteria": {
      "has_wooden_kitchen_cabinetry": "2024-10-29 19:18:53 +0000"
    },
    "done": true
  },
  "refurbished_furniture:recipes/misc/constructing/black_kitchen_storage_cabinet": {
    "criteria": {
      "has_wooden_kitchen_storage_cabinets": "2024-10-29 19:18:57 +0000"
    },
    "done": true
  },
  "refurbished_furniture:recipes/misc/constructing/brown_kitchen_cabinetry": {
    "criteria": {
      "has_wooden_kitchen_cabinetry": "2024-10-29 19:18:53 +0000"
    },
    "done": true
  },
  "refurbished_furniture:recipes/misc/constructing/light_gray_kitchen_storage_cabinet": {
    "criteria": {
      "has_wooden_kitchen_storage_cabinets": "2024-10-29 19:18:57 +0000"
    },
    "done": true
  },
  "refurbished_furniture:recipes/misc/constructing/red_kitchen_storage_cabinet": {
    "criteria": {
      "has_wooden_kitchen_storage_cabinets": "2024-10-29 19:18:57 +0000"
    },
    "done": true
  },
  "refurbished_furniture:recipes/misc/constructing/magenta_kitchen_drawer": {
    "criteria": {
      "has_wooden_kitchen_drawers": "2024-10-29 19:18:51 +0000"
    },
    "done": true
  },
  "refurbished_furniture:recipes/misc/constructing/light_gray_kitchen_drawer": {
    "criteria": {
      "has_wooden_kitchen_drawers": "2024-10-29 19:18:51 +0000"
    },
    "done": true
  },
  "refurbished_furniture:recipes/misc/constructing/purple_kitchen_drawer": {
    "criteria": {
      "has_wooden_kitchen_drawers": "2024-10-29 19:18:51 +0000"
    },
    "done": true
  },
  "refurbished_furniture:recipes/misc/constructing/lime_kitchen_storage_cabinet": {
    "criteria": {
      "has_wooden_kitchen_storage_cabinets": "2024-10-29 19:18:57 +0000"
    },
    "done": true
  },
  "refurbished_furniture:recipes/misc/constructing/pink_kitchen_storage_cabinet": {
    "criteria": {
      "has_wooden_kitchen_storage_cabinets": "2024-10-29 19:18:57 +0000"
    },
    "done": true
  },
  "refurbished_furniture:recipes/misc/constructing/gray_kitchen_cabinetry": {
    "criteria": {
      "has_wooden_kitchen_cabinetry": "2024-10-29 19:18:53 +0000"
    },
    "done": true
  },
  "refurbished_furniture:recipes/misc/constructing/light_blue_kitchen_sink": {
    "criteria": {
      "has_wooden_kitchen_sinks": "2024-10-29 19:18:55 +0000"
    },
    "done": true
  },
  "refurbished_furniture:recipes/misc/constructing/light_gray_kitchen_cabinetry": {
    "criteria": {
      "has_wooden_kitchen_cabinetry": "2024-10-29 19:18:53 +0000"
    },
    "done": true
  },
  "refurbished_furniture:recipes/misc/constructing/blue_kitchen_sink": {
    "criteria": {
      "has_wooden_kitchen_sinks": "2024-10-29 19:18:55 +0000"
    },
    "done": true
  },
  "refurbished_furniture:recipes/misc/constructing/white_kitchen_cabinetry": {
    "criteria": {
      "has_wooden_kitchen_cabinetry": "2024-10-29 19:18:53 +0000"
    },
    "done": true
  },
  "refurbished_furniture:recipes/misc/constructing/gray_kitchen_storage_cabinet": {
    "criteria": {
      "has_wooden_kitchen_storage_cabinets": "2024-10-29 19:18:57 +0000"
    },
    "done": true
  },
  "refurbished_furniture:recipes/misc/constructing/light_blue_kitchen_cabinetry": {
    "criteria": {
      "has_wooden_kitchen_cabinetry": "2024-10-29 19:18:53 +0000"
    },
    "done": true
  },
  "refurbished_furniture:recipes/misc/constructing/purple_kitchen_sink": {
    "criteria": {
      "has_wooden_kitchen_sinks": "2024-10-29 19:18:55 +0000"
    },
    "done": true
  },
  "refurbished_furniture:recipes/misc/constructing/black_kitchen_drawer": {
    "criteria": {
      "has_wooden_kitchen_drawers": "2024-10-29 19:18:51 +0000"
    },
    "done": true
  },
  "refurbished_furniture:recipes/misc/constructing/orange_kitchen_sink": {
    "criteria": {
      "has_wooden_kitchen_sinks": "2024-10-29 19:18:55 +0000"
    },
    "done": true
  },
  "refurbished_furniture:recipes/misc/constructing/yellow_kitchen_storage_cabinet": {
    "criteria": {
      "has_wooden_kitchen_storage_cabinets": "2024-10-29 19:18:57 +0000"
    },
    "done": true
  },
  "refurbished_furniture:recipes/misc/constructing/green_kitchen_storage_cabinet": {
    "criteria": {
      "has_wooden_kitchen_storage_cabinets": "2024-10-29 19:18:57 +0000"
    },
    "done": true
  },
  "refurbished_furniture:recipes/misc/constructing/pink_kitchen_drawer": {
    "criteria": {
      "has_wooden_kitchen_drawers": "2024-10-29 19:18:51 +0000"
    },
    "done": true
  },
  "refurbished_furniture:recipes/misc/constructing/red_kitchen_drawer": {
    "criteria": {
      "has_wooden_kitchen_drawers": "2024-10-29 19:18:51 +0000"
    },
    "done": true
  },
  "DataVersion": 3465
}