{
  "minecraft:recipes/decorations/crafting_table": {
    "criteria": {
      "unlock_right_away": "2024-10-29 11:34:28 +0000"
    },
    "done": true
  },
  "minecraft:adventure/adventuring_time": {
    "criteria": {
      "minecraft:plains": "2024-10-29 11:34:29 +0000"
    },
    "done": false
  },
  "minecraft:adventure/root": {
    "criteria": {
      "killed_something": "2024-10-29 11:43:27 +0000"
    },
    "done": true
  },
  "minecraft:recipes/building_blocks/cherry_planks": {
    "criteria": {
      "has_log": "2024-10-29 11:44:54 +0000"
    },
    "done": true
  },
  "minecraft:recipes/misc/charcoal": {
    "criteria": {
      "has_log": "2024-10-29 11:44:54 +0000"
    },
    "done": true
  },
  "securitycraft:recipes/misc/sc_manual": {
    "criteria": {
      "has_wood": "2024-10-29 11:44:54 +0000"
    },
    "done": true
  },
  "refurbished_furniture:recipes/decorations/spruce_dark_ceiling_fan": {
    "criteria": {
      "has_ceiling_fan": "2024-10-29 11:45:04 +0000"
    },
    "done": true
  },
  "refurbished_furniture:recipes/misc/constructing/spruce_dark_ceiling_fan": {
    "criteria": {
      "has_spruce_light_ceiling_fan": "2024-10-29 11:45:04 +0000"
    },
    "done": true
  },
  "minecraft:recipes/building_blocks/oak_planks": {
    "criteria": {
      "has_logs": "2024-10-29 11:45:08 +0000"
    },
    "done": true
  },
  "refurbished_furniture:recipes/misc/constructing/lime_toilet": {
    "criteria": {
      "has_toilets": "2024-10-29 11:46:57 +0000"
    },
    "done": true
  },
  "refurbished_furniture:recipes/misc/constructing/pink_toilet": {
    "criteria": {
      "has_toilets": "2024-10-29 11:46:57 +0000"
    },
    "done": true
  },
  "refurbished_furniture:recipes/misc/constructing/white_toilet": {
    "criteria": {
      "has_toilets": "2024-10-29 11:46:57 +0000"
    },
    "done": true
  },
  "refurbished_furniture:recipes/misc/constructing/red_toilet": {
    "criteria": {
      "has_toilets": "2024-10-29 11:46:57 +0000"
    },
    "done": true
  },
  "refurbished_furniture:recipes/decorations/blue_toilet": {
    "criteria": {
      "has_ceiling_fan": "2024-10-29 11:46:57 +0000"
    },
    "done": true
  },
  "refurbished_furniture:recipes/misc/constructing/gray_toilet": {
    "criteria": {
      "has_toilets": "2024-10-29 11:46:57 +0000"
    },
    "done": true
  },
  "refurbished_furniture:recipes/decorations/orange_toilet": {
    "criteria": {
      "has_ceiling_fan": "2024-10-29 11:46:57 +0000"
    },
    "done": true
  },
  "refurbished_furniture:recipes/misc/constructing/light_blue_toilet": {
    "criteria": {
      "has_toilets": "2024-10-29 11:46:57 +0000"
    },
    "done": true
  },
  "refurbished_furniture:recipes/decorations/purple_toilet": {
    "criteria": {
      "has_ceiling_fan": "2024-10-29 11:46:57 +0000"
    },
    "done": true
  },
  "refurbished_furniture:recipes/misc/constructing/yellow_toilet": {
    "criteria": {
      "has_toilets": "2024-10-29 11:46:57 +0000"
    },
    "done": true
  },
  "refurbished_furniture:recipes/decorations/black_toilet": {
    "criteria": {
      "has_ceiling_fan": "2024-10-29 11:46:57 +0000"
    },
    "done": true
  },
  "refurbished_furniture:recipes/misc/constructing/blue_toilet": {
    "criteria": {
      "has_toilets": "2024-10-29 11:46:57 +0000"
    },
    "done": true
  },
  "refurbished_furniture:recipes/misc/constructing/magenta_toilet": {
    "criteria": {
      "has_toilets": "2024-10-29 11:46:57 +0000"
    },
    "done": true
  },
  "refurbished_furniture:recipes/decorations/light_blue_toilet": {
    "criteria": {
      "has_ceiling_fan": "2024-10-29 11:46:57 +0000"
    },
    "done": true
  },
  "refurbished_furniture:recipes/decorations/light_gray_toilet": {
    "criteria": {
      "has_ceiling_fan": "2024-10-29 11:46:57 +0000"
    },
    "done": true
  },
  "refurbished_furniture:recipes/misc/constructing/black_toilet": {
    "criteria": {
      "has_toilets": "2024-10-29 11:46:57 +0000"
    },
    "done": true
  },
  "refurbished_furniture:recipes/misc/constructing/brown_toilet": {
    "criteria": {
      "has_toilets": "2024-10-29 11:46:57 +0000"
    },
    "done": true
  },
  "refurbished_furniture:recipes/decorations/cyan_toilet": {
    "criteria": {
      "has_ceiling_fan": "2024-10-29 11:46:57 +0000"
    },
    "done": true
  },
  "refurbished_furniture:recipes/misc/constructing/green_toilet": {
    "criteria": {
      "has_toilets": "2024-10-29 11:46:57 +0000"
    },
    "done": true
  },
  "refurbished_furniture:recipes/misc/constructing/orange_toilet": {
    "criteria": {
      "has_toilets": "2024-10-29 11:46:57 +0000"
    },
    "done": true
  },
  "refurbished_furniture:recipes/misc/constructing/light_gray_toilet": {
    "criteria": {
      "has_toilets": "2024-10-29 11:46:57 +0000"
    },
    "done": true
  },
  "refurbished_furniture:recipes/decorations/red_toilet": {
    "criteria": {
      "has_ceiling_fan": "2024-10-29 11:46:57 +0000"
    },
    "done": true
  },
  "refurbished_furniture:recipes/decorations/white_toilet": {
    "criteria": {
      "has_ceiling_fan": "2024-10-29 11:46:57 +0000"
    },
    "done": true
  },
  "refurbished_furniture:recipes/decorations/green_toilet": {
    "criteria": {
      "has_ceiling_fan": "2024-10-29 11:46:57 +0000"
    },
    "done": true
  },
  "refurbished_furniture:recipes/decorations/brown_toilet": {
    "criteria": {
      "has_ceiling_fan": "2024-10-29 11:46:57 +0000"
    },
    "done": true
  },
  "refurbished_furniture:recipes/misc/constructing/purple_toilet": {
    "criteria": {
      "has_toilets": "2024-10-29 11:46:57 +0000"
    },
    "done": true
  },
  "refurbished_furniture:recipes/misc/constructing/cyan_toilet": {
    "criteria": {
      "has_toilets": "2024-10-29 11:46:57 +0000"
    },
    "done": true
  },
  "refurbished_furniture:recipes/decorations/pink_toilet": {
    "criteria": {
      "has_ceiling_fan": "2024-10-29 11:46:57 +0000"
    },
    "done": true
  },
  "refurbished_furniture:recipes/decorations/yellow_toilet": {
    "criteria": {
      "has_ceiling_fan": "2024-10-29 11:46:57 +0000"
    },
    "done": true
  },
  "refurbished_furniture:recipes/decorations/gray_toilet": {
    "criteria": {
      "has_ceiling_fan": "2024-10-29 11:46:57 +0000"
    },
    "done": true
  },
  "refurbished_furniture:recipes/decorations/magenta_toilet": {
    "criteria": {
      "has_ceiling_fan": "2024-10-29 11:46:57 +0000"
    },
    "done": true
  },
  "refurbished_furniture:recipes/decorations/lime_toilet": {
    "criteria": {
      "has_ceiling_fan": "2024-10-29 11:46:57 +0000"
    },
    "done": true
  },
  "refurbished_furniture:recipes/decorations/dark_fridge": {
    "criteria": {
      "has_fridge": "2024-10-29 12:18:15 +0000"
    },
    "done": true
  },
  "refurbished_furniture:recipes/misc/constructing/dark_fridge": {
    "criteria": {
      "has_light_fridge": "2024-10-29 12:18:15 +0000"
    },
    "done": true
  },
  "refurbished_furniture:recipes/decorations/jungle_dark_ceiling_fan": {
    "criteria": {
      "has_ceiling_fan": "2024-10-29 12:18:25 +0000"
    },
    "done": true
  },
  "refurbished_furniture:recipes/misc/constructing/jungle_dark_ceiling_fan": {
    "criteria": {
      "has_jungle_light_ceiling_fan": "2024-10-29 12:18:25 +0000"
    },
    "done": true
  },
  "refurbished_furniture:recipes/misc/constructing/light_blue_kitchen_storage_cabinet": {
    "criteria": {
      "has_wooden_kitchen_storage_cabinets": "2024-10-29 12:18:48 +0000"
    },
    "done": true
  },
  "refurbished_furniture:recipes/misc/constructing/orange_kitchen_storage_cabinet": {
    "criteria": {
      "has_wooden_kitchen_storage_cabinets": "2024-10-29 12:18:48 +0000"
    },
    "done": true
  },
  "refurbished_furniture:recipes/misc/constructing/magenta_kitchen_storage_cabinet": {
    "criteria": {
      "has_wooden_kitchen_storage_cabinets": "2024-10-29 12:18:48 +0000"
    },
    "done": true
  },
  "refurbished_furniture:recipes/misc/constructing/white_kitchen_storage_cabinet": {
    "criteria": {
      "has_wooden_kitchen_storage_cabinets": "2024-10-29 12:18:48 +0000"
    },
    "done": true
  },
  "refurbished_furniture:recipes/misc/constructing/purple_kitchen_storage_cabinet": {
    "criteria": {
      "has_wooden_kitchen_storage_cabinets": "2024-10-29 12:18:48 +0000"
    },
    "done": true
  },
  "refurbished_furniture:recipes/misc/constructing/cyan_kitchen_storage_cabinet": {
    "criteria": {
      "has_wooden_kitchen_storage_cabinets": "2024-10-29 12:18:48 +0000"
    },
    "done": true
  },
  "refurbished_furniture:recipes/misc/constructing/brown_kitchen_storage_cabinet": {
    "criteria": {
      "has_wooden_kitchen_storage_cabinets": "2024-10-29 12:18:48 +0000"
    },
    "done": true
  },
  "refurbished_furniture:recipes/misc/constructing/blue_kitchen_storage_cabinet": {
    "criteria": {
      "has_wooden_kitchen_storage_cabinets": "2024-10-29 12:18:48 +0000"
    },
    "done": true
  },
  "refurbished_furniture:recipes/misc/constructing/black_kitchen_storage_cabinet": {
    "criteria": {
      "has_wooden_kitchen_storage_cabinets": "2024-10-29 12:18:48 +0000"
    },
    "done": true
  },
  "refurbished_furniture:recipes/misc/constructing/light_gray_kitchen_storage_cabinet": {
    "criteria": {
      "has_wooden_kitchen_storage_cabinets": "2024-10-29 12:18:48 +0000"
    },
    "done": true
  },
  "refurbished_furniture:recipes/misc/constructing/red_kitchen_storage_cabinet": {
    "criteria": {
      "has_wooden_kitchen_storage_cabinets": "2024-10-29 12:18:48 +0000"
    },
    "done": true
  },
  "refurbished_furniture:recipes/misc/constructing/lime_kitchen_storage_cabinet": {
    "criteria": {
      "has_wooden_kitchen_storage_cabinets": "2024-10-29 12:18:48 +0000"
    },
    "done": true
  },
  "refurbished_furniture:recipes/misc/constructing/pink_kitchen_storage_cabinet": {
    "criteria": {
      "has_wooden_kitchen_storage_cabinets": "2024-10-29 12:18:48 +0000"
    },
    "done": true
  },
  "refurbished_furniture:recipes/misc/constructing/gray_kitchen_storage_cabinet": {
    "criteria": {
      "has_wooden_kitchen_storage_cabinets": "2024-10-29 12:18:48 +0000"
    },
    "done": true
  },
  "refurbished_furniture:recipes/misc/constructing/yellow_kitchen_storage_cabinet": {
    "criteria": {
      "has_wooden_kitchen_storage_cabinets": "2024-10-29 12:18:48 +0000"
    },
    "done": true
  },
  "refurbished_furniture:recipes/misc/constructing/green_kitchen_storage_cabinet": {
    "criteria": {
      "has_wooden_kitchen_storage_cabinets": "2024-10-29 12:18:48 +0000"
    },
    "done": true
  },
  "refurbished_furniture:recipes/decorations/dark_toaster": {
    "criteria": {
      "has_toaster": "2024-10-29 12:18:54 +0000"
    },
    "done": true
  },
  "refurbished_furniture:recipes/misc/constructing/dark_toaster": {
    "criteria": {
      "has_light_toaster": "2024-10-29 12:18:54 +0000"
    },
    "done": true
  },
  "refurbished_furniture:recipes/misc/constructing/dark_stove": {
    "criteria": {
      "has_light_stove": "2024-10-29 12:19:07 +0000"
    },
    "done": true
  },
  "refurbished_furniture:recipes/decorations/dark_stove": {
    "criteria": {
      "has_stove": "2024-10-29 12:19:07 +0000"
    },
    "done": true
  },
  "refurbished_furniture:recipes/toasting/cheese_toastie": {
    "criteria": {
      "has_ingredient": "2024-10-29 12:21:11 +0000"
    },
    "done": true
  },
  "refurbished_furniture:recipes/frying/cheese_toastie": {
    "criteria": {
      "has_ingredient": "2024-10-29 12:21:11 +0000"
    },
    "done": true
  },
  "securitycraft:recipes/tools/remote_access_sentry": {
    "criteria": {
      "has_sentry": "2024-10-29 12:22:44 +0000"
    },
    "done": true
  },
  "refurbished_furniture:recipes/misc/slicing/white_dye_from_white_tulip": {
    "criteria": {
      "has_white_tulip": "2024-10-29 12:29:38 +0000"
    },
    "done": true
  },
  "minecraft:recipes/misc/light_gray_dye_from_white_tulip": {
    "criteria": {
      "has_white_tulip": "2024-10-29 12:29:38 +0000"
    },
    "done": true
  },
  "minecraft:recipes/decorations/blast_furnace": {
    "criteria": {
      "has_smooth_stone": "2024-10-29 12:29:48 +0000"
    },
    "done": true
  },
  "minecraft:recipes/building_blocks/smooth_stone_slab": {
    "criteria": {
      "has_smooth_stone": "2024-10-29 12:29:48 +0000"
    },
    "done": true
  },
  "minecraft:recipes/building_blocks/smooth_stone_slab_from_smooth_stone_stonecutting": {
    "criteria": {
      "has_smooth_stone": "2024-10-29 12:29:48 +0000"
    },
    "done": true
  },
  "DataVersion": 3465
}