{
  "minecraft:recipes/misc/book": {
    "criteria": {
      "has_paper": "2024-10-26 23:25:34 +0200"
    },
    "done": true
  },
  "minecraft:recipes/decorations/crafting_table": {
    "criteria": {
      "unlock_right_away": "2024-10-26 23:24:27 +0200"
    },
    "done": true
  },
  "minecraft:recipes/building_blocks/emerald_block": {
    "criteria": {
      "has_emerald": "2024-10-26 23:25:34 +0200"
    },
    "done": true
  },
  "minecraft:recipes/decorations/cartography_table": {
    "criteria": {
      "has_paper": "2024-10-26 23:25:34 +0200"
    },
    "done": true
  },
  "minecraft:adventure/adventuring_time": {
    "criteria": {
      "minecraft:plains": "2024-10-26 23:24:28 +0200"
    },
    "done": false
  },
  "DataVersion": 3700
}