{
  "minecraft:recipes/decorations/crafting_table": {
    "criteria": {
      "unlock_right_away": "2024-10-29 12:09:50 +0000"
    },
    "done": true
  },
  "minecraft:adventure/adventuring_time": {
    "criteria": {
      "minecraft:flower_forest": "2024-10-29 12:14:15 +0000",
      "minecraft:plains": "2024-10-29 12:09:51 +0000"
    },
    "done": false
  },
  "refurbished_furniture:recipes/misc/constructing/lime_toilet": {
    "criteria": {
      "has_toilets": "2024-10-29 12:30:21 +0000"
    },
    "done": true
  },
  "refurbished_furniture:recipes/misc/constructing/pink_toilet": {
    "criteria": {
      "has_toilets": "2024-10-29 12:30:21 +0000"
    },
    "done": true
  },
  "refurbished_furniture:recipes/misc/constructing/white_toilet": {
    "criteria": {
      "has_toilets": "2024-10-29 12:30:21 +0000"
    },
    "done": true
  },
  "refurbished_furniture:recipes/misc/constructing/red_toilet": {
    "criteria": {
      "has_toilets": "2024-10-29 12:30:21 +0000"
    },
    "done": true
  },
  "refurbished_furniture:recipes/decorations/blue_toilet": {
    "criteria": {
      "has_ceiling_fan": "2024-10-29 12:30:21 +0000"
    },
    "done": true
  },
  "refurbished_furniture:recipes/misc/constructing/gray_toilet": {
    "criteria": {
      "has_toilets": "2024-10-29 12:30:21 +0000"
    },
    "done": true
  },
  "refurbished_furniture:recipes/decorations/orange_toilet": {
    "criteria": {
      "has_ceiling_fan": "2024-10-29 12:30:21 +0000"
    },
    "done": true
  },
  "refurbished_furniture:recipes/misc/slicing/white_dye_from_white_tulip": {
    "criteria": {
      "has_white_tulip": "2024-10-29 12:22:39 +0000"
    },
    "done": true
  },
  "refurbished_furniture:recipes/misc/constructing/light_blue_toilet": {
    "criteria": {
      "has_toilets": "2024-10-29 12:30:21 +0000"
    },
    "done": true
  },
  "minecraft:recipes/transportation/cherry_boat": {
    "criteria": {
      "in_water": "2024-10-29 12:14:19 +0000"
    },
    "done": true
  },
  "refurbished_furniture:recipes/decorations/purple_toilet": {
    "criteria": {
      "has_ceiling_fan": "2024-10-29 12:30:21 +0000"
    },
    "done": true
  },
  "minecraft:recipes/transportation/bamboo_raft": {
    "criteria": {
      "in_water": "2024-10-29 12:14:19 +0000"
    },
    "done": true
  },
  "refurbished_furniture:recipes/misc/constructing/yellow_toilet": {
    "criteria": {
      "has_toilets": "2024-10-29 12:30:21 +0000"
    },
    "done": true
  },
  "refurbished_furniture:recipes/decorations/black_toilet": {
    "criteria": {
      "has_ceiling_fan": "2024-10-29 12:30:21 +0000"
    },
    "done": true
  },
  "minecraft:recipes/transportation/spruce_boat": {
    "criteria": {
      "in_water": "2024-10-29 12:14:19 +0000"
    },
    "done": true
  },
  "refurbished_furniture:recipes/misc/constructing/blue_toilet": {
    "criteria": {
      "has_toilets": "2024-10-29 12:30:21 +0000"
    },
    "done": true
  },
  "refurbished_furniture:recipes/misc/constructing/magenta_toilet": {
    "criteria": {
      "has_toilets": "2024-10-29 12:30:21 +0000"
    },
    "done": true
  },
  "minecraft:recipes/transportation/birch_boat": {
    "criteria": {
      "in_water": "2024-10-29 12:14:19 +0000"
    },
    "done": true
  },
  "minecraft:recipes/transportation/oak_boat": {
    "criteria": {
      "in_water": "2024-10-29 12:14:19 +0000"
    },
    "done": true
  },
  "minecraft:recipes/misc/light_gray_dye_from_white_tulip": {
    "criteria": {
      "has_white_tulip": "2024-10-29 12:22:39 +0000"
    },
    "done": true
  },
  "refurbished_furniture:recipes/decorations/light_blue_toilet": {
    "criteria": {
      "has_ceiling_fan": "2024-10-29 12:30:21 +0000"
    },
    "done": true
  },
  "minecraft:recipes/transportation/mangrove_boat": {
    "criteria": {
      "in_water": "2024-10-29 12:14:19 +0000"
    },
    "done": true
  },
  "refurbished_furniture:recipes/decorations/light_gray_toilet": {
    "criteria": {
      "has_ceiling_fan": "2024-10-29 12:30:21 +0000"
    },
    "done": true
  },
  "minecraft:recipes/misc/white_dye_from_lily_of_the_valley": {
    "criteria": {
      "has_lily_of_the_valley": "2024-10-29 12:28:43 +0000"
    },
    "done": true
  },
  "refurbished_furniture:recipes/misc/constructing/black_toilet": {
    "criteria": {
      "has_toilets": "2024-10-29 12:30:21 +0000"
    },
    "done": true
  },
  "refurbished_furniture:recipes/misc/constructing/brown_toilet": {
    "criteria": {
      "has_toilets": "2024-10-29 12:30:21 +0000"
    },
    "done": true
  },
  "refurbished_furniture:recipes/decorations/cyan_toilet": {
    "criteria": {
      "has_ceiling_fan": "2024-10-29 12:30:21 +0000"
    },
    "done": true
  },
  "refurbished_furniture:recipes/misc/constructing/green_toilet": {
    "criteria": {
      "has_toilets": "2024-10-29 12:30:21 +0000"
    },
    "done": true
  },
  "refurbished_furniture:recipes/misc/constructing/orange_toilet": {
    "criteria": {
      "has_toilets": "2024-10-29 12:30:21 +0000"
    },
    "done": true
  },
  "refurbished_furniture:recipes/misc/slicing/orange_dye_from_orange_tulip": {
    "criteria": {
      "has_orange_tulip": "2024-10-29 12:22:38 +0000"
    },
    "done": true
  },
  "refurbished_furniture:recipes/misc/constructing/light_gray_toilet": {
    "criteria": {
      "has_toilets": "2024-10-29 12:30:21 +0000"
    },
    "done": true
  },
  "refurbished_furniture:recipes/decorations/red_toilet": {
    "criteria": {
      "has_ceiling_fan": "2024-10-29 12:30:21 +0000"
    },
    "done": true
  },
  "minecraft:recipes/transportation/acacia_boat": {
    "criteria": {
      "in_water": "2024-10-29 12:14:19 +0000"
    },
    "done": true
  },
  "minecraft:adventure/root": {
    "criteria": {
      "killed_by_something": "2024-10-29 12:26:38 +0000"
    },
    "done": true
  },
  "refurbished_furniture:recipes/decorations/white_toilet": {
    "criteria": {
      "has_ceiling_fan": "2024-10-29 12:30:21 +0000"
    },
    "done": true
  },
  "refurbished_furniture:recipes/decorations/green_toilet": {
    "criteria": {
      "has_ceiling_fan": "2024-10-29 12:30:21 +0000"
    },
    "done": true
  },
  "refurbished_furniture:recipes/decorations/brown_toilet": {
    "criteria": {
      "has_ceiling_fan": "2024-10-29 12:30:21 +0000"
    },
    "done": true
  },
  "refurbished_furniture:recipes/misc/slicing/white_dye_from_lily_of_the_valley": {
    "criteria": {
      "has_lily_of_the_valley": "2024-10-29 12:28:43 +0000"
    },
    "done": true
  },
  "minecraft:recipes/misc/orange_dye_from_orange_tulip": {
    "criteria": {
      "has_orange_tulip": "2024-10-29 12:22:38 +0000"
    },
    "done": true
  },
  "refurbished_furniture:recipes/misc/constructing/purple_toilet": {
    "criteria": {
      "has_toilets": "2024-10-29 12:30:21 +0000"
    },
    "done": true
  },
  "refurbished_furniture:recipes/misc/constructing/cyan_toilet": {
    "criteria": {
      "has_toilets": "2024-10-29 12:30:21 +0000"
    },
    "done": true
  },
  "refurbished_furniture:recipes/decorations/pink_toilet": {
    "criteria": {
      "has_ceiling_fan": "2024-10-29 12:30:21 +0000"
    },
    "done": true
  },
  "refurbished_furniture:recipes/decorations/yellow_toilet": {
    "criteria": {
      "has_ceiling_fan": "2024-10-29 12:30:21 +0000"
    },
    "done": true
  },
  "refurbished_furniture:recipes/decorations/gray_toilet": {
    "criteria": {
      "has_ceiling_fan": "2024-10-29 12:30:21 +0000"
    },
    "done": true
  },
  "refurbished_furniture:recipes/decorations/magenta_toilet": {
    "criteria": {
      "has_ceiling_fan": "2024-10-29 12:30:21 +0000"
    },
    "done": true
  },
  "refurbished_furniture:recipes/decorations/lime_toilet": {
    "criteria": {
      "has_ceiling_fan": "2024-10-29 12:30:21 +0000"
    },
    "done": true
  },
  "minecraft:recipes/transportation/jungle_boat": {
    "criteria": {
      "in_water": "2024-10-29 12:14:19 +0000"
    },
    "done": true
  },
  "minecraft:recipes/transportation/dark_oak_boat": {
    "criteria": {
      "in_water": "2024-10-29 12:14:19 +0000"
    },
    "done": true
  },
  "DataVersion": 3465
}